question_no;main_subject;sub_subject;question;optiona;optionb;optionc;optiond;correct_answer;difficulty;year;typeofpaper
1;Physics;Electrostatics;The electrostatic potential V = V(r) between two charged concentric spheres of radii r1 and r2 kept at potentials V1 = 2V and V2 = 0 volts respectively is given by the solution of Laplace equation. The radius of the spherical surface where the electrostatic potential reduces to V volts is:;r1r2/(r1+r2);2r1r2/(r1+r2);(r1^2+r2^2)/(r1+r2);r2^2/(r1+r2);b;Hard;2020;ScientistEngineer SC Electronics
2;Mathematics;Differential Equations;The general solution of the differential equation d²y/dx² + y = x e^x is:;c₁ cos x + c₂ sin x + (e^x/2)(x + 1);c₁ cos x + c₂ sin x + e^x;c₁ cos x + c₂ sin x + (e^x/2)(x − 1);c₁ cos x + c₂ sin x + (e^x/2);a;Medium;2020;ScientistEngineer SC Electronics
3;Mathematics;Linear Algebra;The determinant and trace of the matrix A are −612 and 97 respectively. Find the value of a + b.;17;18;36;34;d;Medium;2020;ScientistEngineer SC Electronics
4;Mathematics;Linear Algebra;Consider the following system of linear equations. The value of a for which the system has infinite solutions is:;4;10;6;12;c;Medium;2020;ScientistEngineer SC Electronics
5;Mathematics;Linear Algebra;Which one of the following statements is NOT true for a real symmetric square matrix M?;Eigenvalues of M are always positive;Eigenvalues of M are always real;Eigenvalues of M and M² are always same;Eigenvectors of distinct eigenvalues of M are orthogonal;a;Easy;2020;ScientistEngineer SC Electronics
6;Mathematics;Vector Calculus;Evaluate the line integral of the vector field F = zi + xj + yk over a helix of radius a and pitch 2πa.;aπ;(2aπ + 1)z;4a²;3a²;c;Hard;2020;ScientistEngineer SC Electronics
7;Mathematics;Limits;Find constants (a, b, c) such that lim(x→0) [ae^x + b cos x − ce^x] / (x sin x) = 2.;(1, −2, −1);(2, 1, −1);(−1, 1, 2);(1, −2, 1);a;Medium;2020;ScientistEngineer SC Electronics
8;Mathematics;Vector Calculus;Find ∇ × A where A = √(x² + y² + z² − 2xyz). ;x + y + z;0;xyz;x + y + z − xyz;b;Medium;2020;ScientistEngineer SC Electronics
9;Mathematics;Complex Analysis;Find the analytic function f(z) whose real part is e^(−x)(x sin y − y cos y). ;c + i e^z;c − e^z;c + i e^(−z);c − 2i e^(−z);c;Hard;2020;ScientistEngineer SC Electronics
10;Mathematics;Probability;A rod has length L = (50 + x) cm, where x has PDF f(x)=1.5(x² − x), −1 < x < 1. Find a such that length lies between 50 ± a.;0.92;0.98;0.99;0.95;b;Medium;2020;ScientistEngineer SC Electronics
11;Mathematics;Probability;If the number of trains per hour follows a Poisson distribution with mean 5, find the probability of observing 2 or fewer trains.;19e^−5;37e^−5;18.5e^−5;9.5e^−5;c;Medium;2020;ScientistEngineer SC Electronics
12;Electrical;Circuit Analysis;In the given switching circuit, the switch changes position at t = 0 s and t = 5 s. Find the expression for current i(t) for t > 5 s.;−20 + (30 − i)e^(−0.05(t − 5));−20(1 − e^(−0.2(t − 5)));−20(1 − e^(−t));−20 + (30 − i)e^(−0.01(t − 5));b;Hard;2020;ScientistEngineer SC Electronics
13;Electrical;AC Circuits;Find the steady-state voltage across the capacitor in the given circuit excited by sinusoidal input.;cos(20t);−4√2 cos(20t);−4√2 sin(20t);3 sin(20t);b;Medium;2020;ScientistEngineer SC Electronics
14;Electrical;Magnetic Circuits;Two coils are magnetically coupled such that 80% of the flux generated from one coil links with the other. Find the mutual inductance.;0.8 H;1.6 H;3.2 H;6.4 H;b;Easy;2020;ScientistEngineer SC Electronics
15;Electrical;Network Theory;Find the Y-parameter matrix of the given two-port network.;"[0.4 0; −0.2 0.5]";"[0.4 −0.2; 0 0.5]";"[0.4 0; 0 0.5]";"[0 0.5; −0.2 0.4]";b;Hard;2020;ScientistEngineer SC Electronics
16;Computer Science;Graph Theory;Determine the number of spanning trees in the given graph.;16;8;32;4;a;Easy;2020;ScientistEngineer SC Electronics
17;Electrical;Network Theory;Find the driving point admittance of the given bridged T-network.;(2s² + 5s + 2)/(s² + 5s + 1);(2s² + 5s + 1)/(s² + 5s + 1);(s² + 5s + 1)/(2s² + 5s + 2);(2s² + 5s − 1)/(s² + 5s + 1);a;Hard;2020;ScientistEngineer SC Electronics
18;Control Systems;Signal Flow;Find the transfer function of the system using the signal flow graph.;6/(s² − 25s + 7);6/(s² − 75s + 25);6/(s² + 25s + 7);6/(s² + 75s + 25);c;Medium;2020;ScientistEngineer SC Electronics
19;Control Systems;Time Response;The frequency response of a system is H(f) = 1/(1 + j2πf). Find the step response.;(1 − e^(−t))u(t);2(1 − e^(−t))u(t);2e^(−t);2(1 − e^(−t/2))u(t);a;Medium;2020;ScientistEngineer SC Electronics
20;Control Systems;Stability;The characteristic equation of a system is s³ + 4s² + Ks + 12 = 0. Determine the range of K for stability.;K > 12;K > 3;4 < K < 12;K < 12;c;Medium;2020;ScientistEngineer SC Electronics
21;Control Systems;Stability;Consider a closed loop system whose open loop transfer function is G(s)H(s) = K/((T1s + 1)(T2s + 1)). For the system to be stable, which of the following condition is TRUE?;All positive values of K, T1 and T2;Positive value of K and negative values of T1 and T2;Negative value of K and positive values of T1 and T2;All negative values of K, T1 and T2;a;Easy;2020;ScientistEngineer SC Electronics
22;Control Systems;Frequency Response;For a system with integral control H(s) = K/s, the value of K when the closed loop resonance peak is 2/√3 is:;4√3;2√3;2/√3;1/√3;b;Medium;2020;ScientistEngineer SC Electronics
23;Control Systems;Error;A control system with PD controller is shown. If the ramp error constant is 100, the value of Ki is:;5;20;10;40;c;Medium;2020;ScientistEngineer SC Electronics
24;Control Systems;State Space;If A = [[0, 1], [0, 0]], the state transition matrix e^{At} is:;[[1, t], [0, 1]];[[e^t, 0], [0, e^t]];[[0, e^t], [0, 0]];[[t, 1], [0, 1]];a;Medium;2020;ScientistEngineer SC Electronics
25;Electronics;Semiconductors;A silicon bar is doped with phosphorus with donor concentration Nd = 10¹⁰ cm⁻³. If intrinsic carrier concentration at T = 300 K is ni = 1.5×10¹⁰ cm⁻³, assuming complete impurity ionization, the equilibrium electron concentration n and hole concentration p are:;n = 10¹⁰ cm⁻³ and p = 5.5×10¹⁰ cm⁻³;n = 10¹⁰ cm⁻³ and p = 2.25×10¹⁰ cm⁻³;n = 10⁸ cm⁻³ and p = 2.25×10¹² cm⁻³;n = 2.25×10¹⁰ cm⁻³ and p = 10¹⁰ cm⁻³;b;Medium;2020;ScientistEngineer SC Electronics
26;Electronics;PN Junction;Consider an abrupt p-n junction diode with built-in potential of 0.7 V. If its junction capacitance Cj is 4 pF at a reverse bias of 1.3 V, then the value of Cj when reverse bias is 7.3 V is:;4 pF;2 pF;1 pF;8 pF;b;Easy;2020;ScientistEngineer SC Electronics
27;Electronics;MOSFET;Consider an enhancement type N-channel MOSFET with μn = 650 cm²/V·s, Cox = 6.9×10⁻⁸ F/cm², Vth = 0.65 V and L = 1.25 μm. If it is operating in saturation with VDS = 5 V and ID = 4 mA, the channel width W of the MOSFET is:;11.8 μm;23.6 μm;5.9 μm;51.33 μm;b;Medium;2020;ScientistEngineer SC Electronics
28;Electronics;Diode Circuits;Consider the following circuit with R1 = R2 = 10 Ω. The input voltage is a 20 V square wave of period 10 ms and the diode is ideal. The average value of load voltage is:;5 V;10 V;2.5 V;20 V;b;Easy;2020;ScientistEngineer SC Electronics
29;Electronics;BJT;If in the circuit shown, VBE = 0.75 V, then VCE is:;3.85 V;7.7 V;1.42 V;2.85 V;a;Medium;2020;ScientistEngineer SC Electronics
30;Electronics;JFET;The n-channel JFET circuit is self-biased. If RD = 3 kΩ, RS = 1 kΩ, VDD = 14 V and VDS at quiescent point is 6 V, assuming negligible gate leakage current, the VGS at quiescent point is:;−8 V;−1 V;−2 V;−4 V;c;Medium;2020;ScientistEngineer SC Electronics
31;Electronics;Amplifiers;Consider the following amplifier circuit with transistor parameter VBE = 0.726 V, β = 99. If VT = 26 mV, the corner frequency fc of the amplifier is:;15.7/π Hz;31.4/π Hz;31.25/π Hz;62.5/π Hz;b;Medium;2020;ScientistEngineer SC Electronics
32;Electronics;Op-Amp;Consider the following ideal op-amp circuit with R1 = 10 kΩ and R2 = 20 kΩ. The voltage gain Vo/Vi is:;1;2;4;8;b;Easy;2020;ScientistEngineer SC Electronics
33;Electronics;Amplifiers;For a class A amplifier, the ratio of efficiency of transformer coupled amplifier to transformerless amplifier is:;1;2;0.5;3;b;Easy;2020;ScientistEngineer SC Electronics
34;Digital Electronics;Number Systems;For the addition operation 24 + 14 = 42 to be TRUE, the base of the number system is:;7;8;9;6;b;Easy;2020;ScientistEngineer SC Electronics
35;Digital Electronics;Logic Gates;A CMOS implementation of a logic gate is shown in the figure with A and B as inputs and Y as output. The Boolean logic function realized by the circuit is:;AND;NAND;NOR;OR;b;Easy;2020;ScientistEngineer SC Electronics
36;Digital Electronics;Memory;A 4 kb memory is arranged as a square array with equal number of rows and columns. The minimum number of address lines for the column decoder is:;6;7;8;10;a;Medium;2020;ScientistEngineer SC Electronics
37;Digital Electronics;Memory;A 4K × 8 bit RAM is interfaced to an 8-bit microprocessor. If the starting address is 4000H, the last address is:;0FFFH;47FFH;4FFFH;8000H;c;Medium;2020;ScientistEngineer SC Electronics
38;Communication;Information Theory;A communication channel has bandwidth 3 kHz and SNR 15. If SNR reduces to 7 and bandwidth increases to 4 kHz, the channel capacity will:;Remain same;Decrease by 1 kbps;Increase by 1 kbps;Decrease by 17 kbps;a;Medium;2020;ScientistEngineer SC Electronics
39;Communication;Digital Modulation;A communication system has data rate 2000 kbps using 8-PSK and coding rate 5/6. The symbol rate is:;6000 ksps;5000 ksps;800 ksps;666 ksps;b;Medium;2020;ScientistEngineer SC Electronics
40;Communication;Optical;For an optical fiber using GaAs LED with coupling efficiency 0.08, the optical loss is:;8 dB;11 dB;29 dB;20 dB;b;Easy;2020;ScientistEngineer SC Electronics
41;DSP;FFT;The number of complex multiplications required for 16-point DFT using direct computation and FFT respectively are:;256, 32;1024, 128;16, 4;64, 16;a;Medium;2020;ScientistEngineer SC Electronics
42;DSP;DFT;If X(k) is the DFT of sequence x[n] = x1[n] + jx2[n], then the DFT of x1[n] is:;(X[k] + X*[N−k])/2;(X*[k] − X[N−k])/2;(X[k] + X[N−k])/2;(X[k] − X*[N−k])/2;a;Hard;2020;ScientistEngineer SC Electronics
43;DSP;Filters;The bit growth in a CIC interpolation filter with interpolation factor 128, 4 stages and differential delay 2 is:;64;16;32;4;c;Medium;2020;ScientistEngineer SC Electronics
44;VLSI;Pass Transistor;In a pass transistor circuit with VDD = 1 V and threshold voltage 0.2 V, the output voltage is:;0.6 V;0.8 V;1 V;1.2 V;b;Medium;2020;ScientistEngineer SC Electronics
45;VLSI;CMOS;A CMOS IC consumes 155 mW at 10 MHz and 200 mW at 25 MHz. The static power consumption is:;120 mW;200 mW;125 mW;225 mW;a;Medium;2020;ScientistEngineer SC Electronics
46;VLSI;MOSFET;If n identical MOSFETs with same W/L are connected in series, the equivalent W/L is:;(W/L)×n;(W/L)/n;(W/L)×n²;(W/L)/n²;b;Easy;2020;ScientistEngineer SC Electronics
47;Microcontroller;8051;Which operation takes minimum clock cycles in 8051?;b=a*a;b=a*5;b=a/5;b=a/8;d;Easy;2020;ScientistEngineer SC Electronics
48;Digital Electronics;FPGA;Which FPGA resource implements combinational logic functionality?;Block RAM;CLB;Routing matrix;All of above;b;Easy;2020;ScientistEngineer SC Electronics
49;Computer Organization;Memory;A system has L1, L2 and main memory access times 1, 10 and 100 cycles respectively. L1 miss rate = 5%, L2 miss rate = 20%. The average memory access time (AMAT) is:;2.5 cycles;5 cycles;7.5 cycles;1 cycle;a;Medium;2020;ScientistEngineer SC Electronics
50;Computer Organization;Performance;A multicycle processor executes instructions: branches (3 cycles), R/I type (4 cycles), load/store (5 cycles). Given instruction mix, the CPI is:;4.1;4.14;2.14;2.4;b;Medium;2020;ScientistEngineer SC Electronics
51;Mathematics;Differential Equations;Solve the initial value problem 3x²y dx + 2x³ dy = 0 with y(1)=3.;y=3/x^(3/2);x³y²=9;x³y²=19;x³y²=3;b;Hard;;ScientistEngineer SC Mechanical
52;Mathematics;Differential Equations;Given y'' + ay' + by = 0 with a = 2√b, find basis of solution.;e^(−ax/2), xe^(−ax/2);e^(ax), e^(−ax);c1e^(−ax/2)+c2e^(ax/2);e^(−ax/2), e^(ax/2);a;Medium;;ScientistEngineer SC Mechanical
53;Mathematics;Linear Algebra;Find inverse of given 2×2 matrix.;Opt1;Opt2;Opt3;Opt4;c;Medium;;ScientistEngineer SC Mechanical
54;Mathematics;Continuity;Find b such that function is continuous at x = −1.;-1;0;1;1/2;c;Easy;;ScientistEngineer SC Mechanical
55;Mathematics;Laplace Transform;Given L{f(t)} = 1/(s(s²+ω²)), find f(t).;ω²(1−cosωt);ω²(1+cosωt);(1−sinωt)/ω;(1−cosωt)/ω²;d;Medium;;ScientistEngineer SC Mechanical
56;Mechanical;Power;Punching press delivers 20 kN-m energy, 900 strokes/hr. Find motor power.;20kW;5kW;2.7kW;3.1kW;c;Medium;;ScientistEngineer SC Mechanical
57;Mathematics;Vector Calculus;Curl of gradient of scalar potential φ(x,y).;Maximum;Minimum;Zero;Not defined;c;Easy;;ScientistEngineer SC Mechanical
58;Mathematics;PDE;Classify PDE Uxx + 2Uxy + Uyy = F.;Elliptic;Parabolic;Hyperbolic;Trigonometric;b;Medium;;ScientistEngineer SC Mechanical
59;Mathematics;Probability;Probability of exactly 4 heads in 5 tosses.;5/32;1/8;1/32;3/26;a;Easy;;ScientistEngineer SC Mechanical
60;Engineering Mechanics;Forces;Two forces at 120°, resultant ⟂ smaller force. Find smaller force.;20;25;30;35;b;Medium;;ScientistEngineer SC Mechanical
61;Engineering Mechanics;Kinematics;Given θ = 2t³ − 3t², find angular acceleration at t=1.;1;4;6;12;c;Easy;;ScientistEngineer SC Mechanical
62;Engineering Mechanics;Projectile;Range = 4×height, find angle.;36°;45°;56°;76°;b;Medium;;ScientistEngineer SC Mechanical
63;Engineering Mechanics;Circular Motion;Car at 36 km/h in 100m radius, find angular speed.;0.1;1;10;100;a;Easy;;ScientistEngineer SC Mechanical
65;Strength of Materials;Elasticity;No volume change under axial load. Find Poisson ratio.;0.2;0.3;0.5;1;c;Medium;;ScientistEngineer SC Mechanical
66;Strength of Materials;Bending;Find maximum UDL on beam.;60;300;150;30;a;Hard;;ScientistEngineer SC Mechanical
67;Strength of Materials;Stress-Strain;Point after proportional limit.;Upper yield;Lower yield;Elastic limit;Ultimate;d;Easy;;ScientistEngineer SC Mechanical
68;Strength of Materials;Thermal Stress;Stress ratio in bars P and Q.;2;4;8;16;a;Medium;;ScientistEngineer SC Mechanical
69;Strength of Materials;Strain Energy;Find modulus of resilience.;1/5;25;1/25;5;d;Medium;;ScientistEngineer SC Mechanical
70;Theory of Machines;Kinematics;Number of inversions for L links.;L;L/2;L+2;L+1;a;Easy;;ScientistEngineer SC Mechanical
71;Theory of Machines;Vibration;Node in torsional vibration.;Max velocity;Max displacement;Max acceleration;Zero displacement;a;Easy;;ScientistEngineer SC Mechanical
72;Strength of Materials;Failure Theory;Rankine theory applicable to.;Ductile;Brittle;Plastic;Tough;b;Easy;;ScientistEngineer SC Mechanical
73;Engineering Mechanics;Flywheel;Find moment of inertia.;5517;6119;7536;9132;b;Medium;;ScientistEngineer SC Mechanical
74;Engineering Mechanics;Vibration;Mass-spring system, find m.;1.8;1;1.2;2.4;c;Medium;;ScientistEngineer SC Mechanical
75;Theory of Machines;Spring;Spring constant after doubling parameters.;k/2;k;8k;16k;c;Medium;;ScientistEngineer SC Mechanical
76;Engineering Mechanics;SHM;A simple pendulum of length 8 m has speed 10 m/s at mean position. Find net force on bob.;3 N;0;30 N;1 N;b;Easy;;ScientistEngineer SC Mechanical
77;Theory of Machines;Vibration;For equation x¨ + 64π²x = 0, find natural frequency.;1 Hz;2 Hz;4 Hz;8 Hz;c;Medium;;ScientistEngineer SC Mechanical
78;Strength of Materials;Torsion;Maximum shear stress in circular shaft under torque T.;32T/(πd³);32T/(πd⁴);16T/(πd³);16T/(πd⁴);c;Easy;;ScientistEngineer SC Mechanical
79;Fluid Mechanics;Vortex;In free vortex, tangential velocity varies as.;Direct r;Inverse r;Direct r²;Inverse r²;a;Easy;;ScientistEngineer SC Mechanical
80;Fluid Mechanics;Water Hammer;Water hammer depends on.;Pipe elasticity;Fluid elasticity;Valve speed;All;a;Easy;;ScientistEngineer SC Mechanical
81;Fluid Mechanics;Flow;Large Reynolds number indicates.;Smooth flow;Laminar flow;Steady flow;Highly turbulent flow;d;Easy;;ScientistEngineer SC Mechanical
82;Fluid Mechanics;Viscosity;Unit of dynamic viscosity.;m²/s;N·s/m²;Pa·s/m²;kg·s²/m²;b;Easy;;ScientistEngineer SC Mechanical
83;Fluid Mechanics;Pumps;Centrifugal pump power required.;20 kW;200 kW;2000 kW;40 kW;a;Medium;;ScientistEngineer SC Mechanical
84;Fluid Mechanics;Hydrostatics;Depth of centre of pressure for vertical circular plate.;5d/8;11d/16;2d/3;3d/4;c;Medium;;ScientistEngineer SC Mechanical
85;Fluid Mechanics;Impact of Jet;Force developed by jet on moving plate.;10 N;100 N;1000 N;2000 N;a;Medium;;ScientistEngineer SC Mechanical
86;Fluid Mechanics;Pipe Flow;Head loss in sudden expansion.;1/4(V₁²/2g);3/16(V₁²/2g);1/64(V₁²/2g);9/16(V₁²/2g);d;Medium;;ScientistEngineer SC Mechanical
87;Heat Transfer;Thermal Properties;Thermal diffusivity represents.;Heat conduction;Heat emission;Conduction/storage ratio;Radiation;c;Medium;;ScientistEngineer SC Mechanical
88;Heat Transfer;Radiation;Which body cools faster in vacuum?;High emissivity;Low emissivity;Same;None;b;Easy;;ScientistEngineer SC Mechanical
89;Heat Transfer;Radiation;Wavelength for max emission at 2000K.;2.9 μm;5.8 μm;1.45 μm;145 μm;c;Medium;;ScientistEngineer SC Mechanical
90;Heat Transfer;Radiation;Grey body definition.;Appears grey;Temp independent;Direction independent;Wavelength independent;d;Easy;;ScientistEngineer SC Mechanical
91;Heat Transfer;Radiation;Temp for 16× radiation increase.;254°C;527°C;400°C;800°C;b;Medium;;ScientistEngineer SC Mechanical
92;Thermodynamics;Basics;Thermodynamic system undergoes.;Pressure change;Volume change;Internal energy change;All;a;Easy;;ScientistEngineer SC Mechanical
93;Thermodynamics;Laws;Conservation of energy law.;Zeroth;Stefan;First;Second;a;Easy;;ScientistEngineer SC Mechanical
94;Thermodynamics;Entropy;Entropy change in reversible adiabatic.;Zero;Positive;Negative;Unknown;a;Easy;;ScientistEngineer SC Mechanical
95;Thermodynamics;Cycles;Otto cycle consists of.;2P+2V;2P+2T;2T+2S;2V+2S;c;Medium;;ScientistEngineer SC Mechanical
96;Thermodynamics;Psychrometry;Fully saturated air condition.;DBT=WBT;DBT>WBT;WBT>DBT;None;a;Easy;;ScientistEngineer SC Mechanical
97;Materials Science;Heat Treatment;Annealing process.;Air cooled;Quenched;Furnace cooled;Below critical;c;Medium;;ScientistEngineer SC Mechanical
98;Materials Science;Crystal Structure;HCP metals.;Zn Mg Co Cd;Al Cu Ag;Fe Cr W;None;a;Medium;;ScientistEngineer SC Mechanical
99;Materials Science;Mechanical Properties;Slow deformation under stress.;Creep;Fatigue;Endurance;Plasticity;a;Easy;;ScientistEngineer SC Mechanical
100;Materials Science;Phase Transformation;Curie temperature.;770°C;910°C;1050°C;Below recrystallization;a;Medium;;ScientistEngineer SC Mechanical
101;Physics;Electromagnetism;A circular loop of fine wire of radius R carrying a current I is placed in a uniform magnetic field B perpendicular to the plane of the loop. If the breaking tension of the wire is T, the wire will break when the magnetic field exceeds;T/(IR);T/(2πIR);μ0T/(2πIR);μ0T/(4πIR);b;Medium;;ScientistEngineer SC Physics
102;Physics;Measurement;A student is provided with standard resistors and instruments including voltmeter (0.1V), thermometer (0.1°C), ammeter (0.001A), stopwatch (0.05s), constant current source and constant voltage source. The least accurate method to measure resistance is;Measuring Joule heating;Constant current method;Constant voltage method;Wheatstone bridge;a;Easy;;ScientistEngineer SC Physics
103;Mathematics;Differential Equations;The function y(x) satisfies x(dy/dx)=y(ln y − ln x +1) with y(1)=3. Find y(3);9;81;64;27;d;Hard;;ScientistEngineer SC Physics
104;Physics;Astrophysics;In a stellar model, density p(r)=p0(1−r/R). The gravitational potential energy of the star is;-GM²/(4πR);-3GM²/(5R);-5GM²/(7R);-3GM²/(7R);b;Hard;;ScientistEngineer SC Physics
105;Physics;Quantum Mechanics;A particle has wavefunction ψ(x)=ψ0(1−|x|/a). The corresponding potential is;Vx²;V|x|;−Vδ(x);|x|;c;Medium;;ScientistEngineer SC Physics
106;Mathematics;Integration;The value of the integral ∫ x² exp(−x²) dx from 0 to ∞ is;√π/4;1/2;√π/8;1;a;Medium;;ScientistEngineer SC Physics
107;Physics;Kinematics;A stone is dropped vertically from a tower of height 40 m. At the same time, a gun is aimed directly at the stone from a horizontal distance of 30 m and fired. If the bullet hits the stone before it reaches the ground, the minimum velocity of the bullet is;57.5 m/s;27.7 m/s;17.7 m/s;7.4 m/s;b;Medium;;ScientistEngineer SC Physics
108;Physics;Mechanics;A particle with time varying mass m(t)=m₀(1−t/T) moves under a constant force F. If initially at rest, the velocity at time t is;−(F/m₀)ln(1−t/T);(F/m₀)ln(1−t/T);(F/m₀)(t/T);(F/m₀)(1−t/T);a;Hard;;ScientistEngineer SC Physics
109;Physics;Experiments;Which experiment proves Earth is a non-inertial frame with respect to fixed stars?;Fizeau experiment;Foucault pendulum;Newton coin experiment;Michelson-Morley;b;Easy;;ScientistEngineer SC Physics
110;Physics;Quantum Mechanics;A harmonic oscillator has wavefunction ψ = [3ψ₀ − 2√2ψ₁ + 2√2ψ₂]/3. The expectation value of energy is;1.58 ħω;0.46 ħω;ħω;1.46 ħω;d;Hard;;ScientistEngineer SC Physics
111;Physics;Quantum Mechanics;A particle in a 1D box left undisturbed has wavefunction which is;Ground state;Periodic;Linear superposition;Single eigenstate;c;Medium;;ScientistEngineer SC Physics
112;Physics;Statistical Mechanics;A classical ideal gas is confined in potential V(x,y,z)=C(x²+y²+z²). The RMS distance from origin is;√(3kT/C);√(kT/C);√(2kT/C);√(6kT/C);a;Medium;;ScientistEngineer SC Physics
113;Mathematics;Algebra;The system x² − y² = 1 and x − y = 1 has how many solutions?;1;2;3;4;b;Easy;;ScientistEngineer SC Physics
114;Physics;Mechanics;Hamiltonian equals total energy if Lagrangian;Has no velocity terms;Is separable;Has no coordinate terms;Has no explicit time dependence;d;Medium;;ScientistEngineer SC Physics
115;Physics;Measurement;Two students measure pendulum period. Student A measures N times separately, B measures N oscillations once. Which has less error?;A larger error;A smaller error;Same accuracy;Cannot decide;d;Easy;;ScientistEngineer SC Physics
116;Mathematics;Fourier Series;The Fourier series that reproduces the function f(x) in the interval 0 < x < 1 is;cos(mx)+cos(2mx)+...;1+2cos(2mx)+2cos(4mx)+...;1+cos(mx)+cos(2mx)+...;(cos(mx)+sin(mx))+...;b;Hard;;ScientistEngineer SC Physics
117;Physics;Quantum Mechanics;An electron in hydrogen initially in state n=3, l=2 undergoes electric dipole transition. The final state can be;(n=2,l=1);(n=2,l=2);(n=3,l=0);(n=3,l=1);a;Medium;;ScientistEngineer SC Physics
119;Physics;Electromagnetism;A conductor of length 1 cm rotates in radial magnetic field B=0.5 r̂ Tesla. Induced emf is;-0.06 V;-0.05 V;-0.04 V;-0.03 V;b;Medium;;ScientistEngineer SC Physics
120;Physics;Thermodynamics;An ideal gas in insulated rigid container initially at T with walls at T₀<T. Final pressure compared to initial is;Same;Lower initially;Higher initially;Same final and initial;c;Medium;;ScientistEngineer SC Physics
121;Physics;Relativity;Two observers moving at c/2 along triangle sides. Relative velocity of B wrt A is;c/2;3c/4;c/3;c/√2;b;Hard;;ScientistEngineer SC Physics
122;Physics;Low Temperature Physics;Best sensor material for 100 mK to 1 K temperature range is;Insulator;p-n junction;Pure semiconductor;Metal;c;Medium;;ScientistEngineer SC Physics
123;Physics;EM Waves;Given electric and magnetic fields, time averaged radiated power is;AB/μ0;μ0AB;c²AB;AB;a;Hard;;ScientistEngineer SC Physics
124;Physics;Statistical Mechanics;Photon number in blackbody cavity varies as;T;T²;T³;T⁴;c;Medium;;ScientistEngineer SC Physics
125;Physics;Solid State;Why electronic specific heat is small in metals?;Mass small;Pauli exclusion;Spin;Interaction;a;Medium;;ScientistEngineer SC Physics
126;Physics;Vector Calculus;Vector parallel to surface x²y+2xz=4 at (2,-2,3) is;6i−2j−5k;6i+2j+5k;−6i−2j+5k;6i−2j+5k;d;Medium;;ScientistEngineer SC Physics
127;Physics;Quantum Mechanics;Ground state energy of particle in box is not zero because;No nodes;Convenient zero;Uncertainty principle;Finite potential;c;Medium;;ScientistEngineer SC Physics
128;Physics;Atmospheric Physics;Correct air flow around low pressure region in southern hemisphere;Diagram A;Diagram B;Diagram C;Diagram D;b;Medium;;ScientistEngineer SC Physics
129;Physics;Solid State;In indirect band gap semiconductor which is NOT true;Energy increases;Phonon involved;Photon absorbed;No momentum change;d;Medium;;ScientistEngineer SC Physics
130;Physics;Thermodynamics;For gas equation of state, Cp−Cv equals;R;R(1+...);R(1+...);R(1−...);a;Medium;;ScientistEngineer SC Physics
131;Physics;Electrostatics;An infinitely long cylinder of radius R carries charge density ρ(r)=kr. The electrostatic potential inside the cylinder varies as;r²;ln(r);r³;1/r;a;Medium;;ScientistEngineer SC Physics
132;Physics;EM Waves;Given relations between E and B fields in EM wave, the wave nature is;Plane wave;Standing wave;Divergent wave;Non-wave;a;Medium;;ScientistEngineer SC Physics
133;Physics;Atomic Physics;Ground state configuration of nitrogen (¹⁴N). Quantum numbers (L,S,J) are;(1,3/2,5/2);(1,1/2,3/2);(0,3/2,3/2);(0,1/2,1/2);a;Medium;;ScientistEngineer SC Physics
134;Physics;Electrostatics;Hydrogen atom model with charge density p(r). Electric field at r=a is;ExprA;ExprB;ExprC;ExprD;a;Hard;;ScientistEngineer SC Physics
135;Mathematics;Linear Algebra;Matrix with equal eigenvalues. Find x.;100;50;25;10;b;Medium;;ScientistEngineer SC Physics
136;Physics;Solid State;In 2D metals with density ratio 1:2, Fermi energy ratio is;2:3;1:2;1:4;1:8;c;Medium;;ScientistEngineer SC Physics
137;Physics;Mechanics;For Lagrangian L, corresponding Hamiltonian is;Not defined;0;−qsin²q;Expression;d;Hard;;ScientistEngineer SC Physics
138;Physics;Quantum Mechanics;Bound state energy in delta potential V(x)=−aδ(x) is;−(am/2ħ²);−(am/ħ²);−(a²m/2ħ²);−(a²m/ħ²);c;Hard;;ScientistEngineer SC Physics
139;Mathematics;Limits;Evaluate lim (ln(1+sinθ)/sinθ) as θ→0;∞;1;−∞;0;b;Easy;;ScientistEngineer SC Physics
140;Physics;Quantum Mechanics;Most probable radius in hydrogen second excited state is;4a;2a;8a;5a;a;Medium;;ScientistEngineer SC Physics
141;Physics;Quantum Mechanics;For two nucleon singlet state, (σ1·σ2) value is;2;3;−3;−2;c;Medium;;ScientistEngineer SC Physics
142;Physics;Lagrangian Mechanics;Adding total derivative to Lagrangian affects equations of motion as;No change;Momentum conserved;Energy change;None;a;Medium;;ScientistEngineer SC Physics
143;Physics;Statistical Mechanics;Three spins system probability and magnetic moment;OptA;OptB;OptC;OptD;b;Hard;;ScientistEngineer SC Physics
144;Physics;Solid State;Structure factor for given Bravais lattice is;3;2;4;6;c;Medium;;ScientistEngineer SC Physics
145;Physics;EM Theory;Lowest non-zero power of ω in induced emf expansion is;1;3;4;2;d;Medium;;ScientistEngineer SC Physics
146;Physics;Statistical Mechanics;Energy distribution maximum occurs at E/kT value;0.1;0.2;0.3;0.5;d;Medium;;ScientistEngineer SC Physics
147;Mathematics;Matrices;Matrix not representing proper rotation is;A;B;C;D;d;Medium;;ScientistEngineer SC Physics
148;Mathematics;Linear Algebra;Product of eigenvalues of matrix is;−1;1;0;2;b;Easy;;ScientistEngineer SC Physics
149;Physics;Quantum Mechanics;Ground state wavefunction in given potential is;sin;sin;cos;cos;a;Medium;;ScientistEngineer SC Physics
150;Physics;Linear Algebra;Rotation axis vector for given matrix is;OptA;OptB;OptC;OptD;b;Medium;;ScientistEngineer SC Physics
151;Physics;Particle Physics;A massive particle X in free space decays spontaneously into two photons. Which of the following statements is true for X?;X is charged;Spin of X must be greater than or equal to 2;X is a boson;X must be a baryon;c;Medium;;ScientistEngineer SC Physics
152;Physics;EM Waves;The electric field of an electromagnetic wave is given by E = 3 sin(kz − ωt) x̂ + 4 cos(kz − ωt) ŷ. The wave is;Linearly polarized at angle tan⁻¹(4/3);Linearly polarized at angle tan⁻¹(3/4);Elliptically polarized clockwise;Elliptically polarized counter-clockwise;c;Medium;;ScientistEngineer SC Physics
153;Physics;Statistical Mechanics;Consider two systems A and B each having two distinguishable particles. Each particle can exist in states with energies 0,1,2,3 units. Total energy of system is 5 units. If A has energy 3 and B has energy 2, entropy = k_B ln A. Find A.;15;18;12;16;b;Hard;;ScientistEngineer SC Physics
154;Physics;Electromagnetism;An infinitely long solenoid with N turns per unit length and radius R carries current I(t)=a cos(ωt). The magnitude of electric field at the surface of the solenoid is proportional to;μ0NRωa sin(ωt);μ0NRωa cos(ωt);NRωa sin(ωt);NRωa cos(ωt);c;Medium;;ScientistEngineer SC Physics
155;Physics;Statistical Mechanics;Three particles are distributed in four non-degenerate energy levels. Number of ways for distinguishable particles and identical bosons respectively are;(24,4);(24,20);(64,20);(64,16);c;Medium;;ScientistEngineer SC Physics
156;Physics;Solid State;Energy dispersion relation E(k)=E₀−W cos(ka). Effective mass near bottom of band is;h²/Wa²;h²/(2Wa²);h²/(4Wa²);h²/(Wa²/2);b;Hard;;ScientistEngineer SC Physics
157;Physics;Heat Transfer;Two spheres A and B have same emissivity. Radius of A is 4 times B and temperature is twice. Ratio of heat radiated is;128;256;324;110;b;Medium;;ScientistEngineer SC Physics
158;Physics;Electrostatics;Identical charges are placed at five vertices of a regular hexagon. Electric field and potential at centre are;0,0;Non-zero,zero;Zero,non-zero;Non-zero,non-zero;a;Easy;;ScientistEngineer SC Physics
159;Physics;Thermodynamics;A reversible Carnot engine operates between temperatures T₁ and T₂ using photon gas. Efficiency is;1−T₂/T₁;1−(T₂/T₁)^(1/3);1−(T₂/T₁)^(1/4);1−(T₂/T₁)^(1/2);b;Medium;;ScientistEngineer SC Physics
160;Physics;Nuclear Physics;In the nuclear reaction ¹³C + ν → ¹³N + X, the particle X is;Electron;Positron;Muon;Pion;b;Medium;;ScientistEngineer SC Physics
161;Physics;Quantum Mechanics;A particle in 1D potential well of width 3 nm. Using uncertainty principle, minimum depth required for one bound state is;1 μeV;1 meV;1 eV;1 MeV;c;Medium;;ScientistEngineer SC Physics
162;Physics;Electromagnetism;A square loop carrying current is reshaped into a circle with same current. Ratio of magnetic dipole moments is;36;9;4;1;d;Medium;;ScientistEngineer SC Physics
163;Physics;Quantum Mechanics;Born approximation is valid for;High energy & weak potential;High energy & strong potential;Low energy & weak potential;Low energy & strong potential;a;Medium;;ScientistEngineer SC Physics
164;Physics;Quantum Mechanics;For two electrons in helium atom ground state, value of (S₁·S₂) is;−ħ²/4;−ħ²/2;0;ħ²/4;d;Medium;;ScientistEngineer SC Physics
165;Physics;Quantum Mechanics;Hilbert space dimension for three spin-1/2 particles is;8;16;4;32;a;Easy;;ScientistEngineer SC Physics
166;Physics;Particle Physics;Decay μ → e + γ is forbidden due to violation of;Momentum conservation;Baryon number;Angular momentum;Lepton number;d;Medium;;ScientistEngineer SC Physics
167;Physics;Quantum Mechanics;Operator A = aσ + B, eigenvalues are;±AB/√2;±AB;0,AB;0,−AB;a;Medium;;ScientistEngineer SC Physics
168;Physics;Condensed Matter;In Bose-Einstein condensate, particles;Have strong attraction;Condense in real space;Have overlapping wavefunctions;Have large chemical potential;c;Easy;;ScientistEngineer SC Physics
169;Physics;Solid State;Phonon dispersion relation gives ratio of phase velocity to group velocity at long wavelength as;2;1;4;1/2;b;Medium;;ScientistEngineer SC Physics
170;Physics;Atomic Physics;Number of permitted transitions from ²P₃/₂ to ²S₁/₂ in weak magnetic field is;6;9;3;8;a;Medium;;ScientistEngineer SC Physics
171;Physics;Electromagnetism;A long solenoid is embedded in a conducting medium and insulated from it. If the current through the solenoid is increased at a constant rate, the induced current density in the medium varies with radial distance r from the axis as;∝ r² inside and 1/r outside;∝ r inside and 1/r outside;∝ r² inside and 1/r² outside;∝ r inside and 1/r² outside;a;Medium;;ScientistEngineer SC Physics
172;Physics;Spectroscopy;Match ESR, NMR, vibrational and electronic transitions with frequency ranges (radio, microwave, infrared, visible).;P-i,Q-ii,R-iii,S-iv;P-ii,Q-i,R-iv,S-iii;P-iii,Q-iv,R-i,S-ii;P-iii,Q-i,R-iv,S-ii;c;Medium;;ScientistEngineer SC Physics
173;Physics;Optics;A plane wave (x̂ − iŷ)E₀ exp[i(kz − ωt)] passes through an optical element and becomes (x̂ − iŷ)E₀ exp[i(kz − ωt)]. The optical element is;Quarter wave plate;Half wave plate;Polarizer;Faraday rotator;a;Medium;;ScientistEngineer SC Physics
174;Physics;Relativity;A particle of rest mass M decays into two equal mass particles moving along z-axis. Their velocities are;Both +0.8c;±0.8c;±0.6c;Mixed values;a;Medium;;ScientistEngineer SC Physics
175;Electronics;Signal Processing;For proper sampling of a signal, the sampling frequency should be;Equal to bandwidth;Equal to highest frequency;Greater than or equal to twice highest frequency;Less than twice highest frequency;a;Easy;;ScientistEngineer SC Physics
176;Mathematics;Probability;The probability density function of a random variable X is given by f(x) = k e^{-|x|}, −∞ < x < ∞. The value of k and the mean of X are:;1, 1;1, 0;1/2, 1;1/2, 0;d;Medium;;ScientistEngineer SC Computer
177;Mathematics;Linear Algebra;Given the matrix A, Tr(A) = 0. The value of Tr(A³) + Tr(A²) is:;8;16;32;0;b;Medium;;ScientistEngineer SC Computer
178;Mathematics;Linear Algebra;What is the largest possible value for the rank of A and the smallest possible value for the nullity of A, if A is a 5 × 3 matrix?;5, 3;3, 0;5, 0;5, 2;b;Easy;;ScientistEngineer SC Computer
179;Operating Systems;Memory Management;Consider a FIFO page replacement policy based memory unit. Which of the following statements are TRUE?;Increasing the number of page frames always results in fewer page faults;Increasing the number of page frames always results in higher page faults;Decreasing the number of page frames always results in increased page faults;Increasing the number of page frames may result in increase or decrease in number of page faults;d;Medium;;ScientistEngineer SC Computer
180;Operating Systems;Virtual Memory;Consider a system where each process has a virtual address space of 2^n bytes. The physical address space of the system is 2^p bytes, and the page size is 2^k bytes. What is the number of logical pages of a process and number of physical frames in the system?;2^(n−k), 2^(p−k);2^(n+k), 2^(p+k);2^(n−p), 2^k;2^k, 2^(n−p);a;Medium;;ScientistEngineer SC Computer
181;Operating Systems;Memory Allocation;"Consider the following line of code in a function of a process: int *y = (int *)malloc(50 * sizeof(int)); Where is the memory of the variable y allocated within the memory image of the process when this function is invoked and executed?";Heap;Stack;PCB (Process Control Block);None of these;a;Easy;;ScientistEngineer SC Computer
182;Operating Systems;Synchronization;Which of the following conditions best describes for bounded waiting in process synchronization?;When a thread is executing in its critical section, no other threads can be executing in their critical sections;If no thread is executing in its critical section, and if there are some threads that wish to enter their critical sections, then one of these threads will get into the critical section;Several processes access and manipulate the same data concurrently;After a thread makes a request to enter its critical section, there is a limit on the number of times that other threads are allowed to enter their critical sections before the request is granted;a;Medium;;ScientistEngineer SC Computer
183;Theory of Computation;Decidability;Which of the following statements is/are TRUE? I. Given a CFG G = (N, Σ, P, S) and a string x ∈ Σ*, x ∈ L(G) is decidable II. Given CFGs G1 and G2, is L(G1) = L(G2) undecidable III. Given CFGs G1 and G2, is L(G1) = L(G2) decidable IV. Given CFG G and string x, x ∈ L(G) is undecidable;I and II;II and IV;I and III;III and IV;a;Hard;;ScientistEngineer SC Computer
184;Compiler Design;Parsing;Consider the grammar defined by production rules with two operators * and +. Which of the following correctly describes associativity?;+ is left associative and * is right associative;+ is right associative and * is left associative;Both + and * are right associative;Both + and * are left associative;d;Medium;;ScientistEngineer SC Computer
185;Automata;Finite Automata;For any given transition in a finite automaton with Q states, the number of possible states for DFA and NFA respectively are:;Q, 2^Q;1, Q;2, Q;2^Q, 2^Q;a;Easy;;ScientistEngineer SC Computer
186;Compiler Design;SDTS;Consider the Syntax Directed Translation Scheme (SDTS): S → Aa {print1}, S → a {print2}, A → Sb {print3}. The output printed by a bottom-up parser for input aba is:;2 3 1;1 3;2 1;1 2;c;Medium;;ScientistEngineer SC Computer
187;Compiler Design;Parsing;Among simple LR (SLR), canonical LR and look-ahead LR (LALR), which pair identifies the method that is very easy to implement and the method that is most powerful?;Canonical LR, LALR;SLR, LALR;LALR, Canonical LR;SLR, Canonical LR;d;Medium;;ScientistEngineer SC Computer
188;Digital Logic;Bitwise Operations;What happens when a bit-string is XORed with itself n-times?;Complements when n is even;Remains unchanged when n is even;Divides by 2^n always;None of the above;b;Easy;;ScientistEngineer SC Computer
189;Digital Logic;Boolean Algebra;Consider the minterm list form of a Boolean function F(P,Q,R,S) = Σm(0,2,8,9,11,10,12,13,15,14). What is the equivalent Boolean expression in sum-of-products form?;C+ABD+BD;C+BD;C+BCD;None of the above;b;Medium;;ScientistEngineer SC Computer
190;Digital Logic;Operators;Consider the Boolean operator # with given properties. Then x # y is equivalent to:;xy + x'y';xy + y;xy + xy;xy + x'y;d;Medium;;ScientistEngineer SC Computer
191;Computer Organization;Micro-operations;"Consider the following sequence of micro-operations (MBR = Memory Buffer Register, PC = Program Counter, MAR = Memory Address Register): MBR ← PC; MAR ← X; PC ← Y; Memory ← MBR. Which one of the following is a possible operation performed by this sequence?";Instruction fetch;Operand fetch;Initiation of interrupt service;Conditional branch;a;Medium;;ScientistEngineer SC Computer
192;Computer Organization;Pipelining;Instruction execution in a processor is divided into 5 stages: Instruction Fetch (IF), Instruction Decode (ID), Operand Fetch (OF), Execute (EX), and Write Back (WB). These stages take 5, 4, 20, 10 and 3 nanoseconds respectively. A pipelined implementation requires buffering between each pair of consecutive stages with a delay of 2 ns. The execution time for 20 instructions on this pipeline is:;528 ns;288 ns;286 ns;290 ns;b;Medium;;ScientistEngineer SC Computer
193;Computer Organization;Memory;A processor can support a maximum memory of 8 GB, where the memory is word-addressable (a word consists of two bytes). The size of the address bus of the processor is at least:;31;16;32;None of the above;c;Medium;;ScientistEngineer SC Computer
194;Computer Organization;Addressing Modes;Which of the following addressing modes is best suited to access elements of an array of contiguous memory locations?;Indexed addressing mode;Relative addressing mode;Base register addressing mode;Displacement mode;a;Easy;;ScientistEngineer SC Computer
195;DBMS;Normalization;Consider the schema R(S, T, U, V) and the dependencies S→T, T→U, U→V, V→S. Let R be decomposed into R1 and R2 such that R1 ∩ R2 = ∅. Then the decomposition is:;Not in 2NF;In 2NF but not in 3NF;In 3NF but not in 2NF;In both 2NF and 3NF;b;Medium;;ScientistEngineer SC Computer
196;DBMS;File Systems;A FAT (File Allocation Table) based file system is used and the total overhead of each entry in the FAT is 4 bytes. Given a 100 × 10^6 bytes disk and data block size is 10^3 bytes, the maximum size of a file that can be stored on this disk (in units of 10^6 bytes) is:;99.35–99.45;99.55–99.65;100.5–101.4;97.2–98.5;b;Medium;;ScientistEngineer SC Computer
197;DBMS;Transactions;Which of the following are drawbacks of the Two-Phase Locking (2-PL) mechanism? I. Deadlock II. Serializability III. Starvation IV. Cascading Rollback;II only;I, II, III;I and IV;II and IV;c;Medium;;ScientistEngineer SC Computer
198;DBMS;Referential Integrity;The given table has two attributes A and C where A is the primary key and C is the foreign key referencing A with ON DELETE CASCADE. The set of tuples that must be additionally deleted to preserve referential integrity when tuple (4,3) is deleted is:;(3,4), (4,3), (6,4);(5,2), (7,2), (9,5);(2,4), (3,2), (7,2), (9,5), (3,4), (6,4);(2,4), (3,4), (6,4);d;Hard;;ScientistEngineer SC Computer
199;DBMS;Keys;Consider the relation scheme R = {E, F, G, H, I, J, K, L, M, N} and functional dependencies {EF→G, F→IJ, EK→HLM, L→N}. What is the key for R?;{E, F};{E, K};{E, F, L};{E, F, K};d;Medium;;ScientistEngineer SC Computer
200;DBMS;Normalization;Which of the following statements are true? I. No relation can be in both BCNF and 3NF II. Every relation in BCNF is also in 3NF III. A relation is in 3NF if every non-prime attribute is fully functionally dependent on every key IV. Every relation in 3NF is also in BCNF;I and III;II;IV;I;b;Medium;;ScientistEngineer SC Computer
201;Computer Networks;Error Detection;The Hamming distance between the octets of 0x0A and 0x05 is:;7;5;3;4;c;Easy;;ScientistEngineer SC Computer
202;Computer Networks;IP Addressing;In a class B network, the subnet mask is 255.255.240.0. What is the maximum number of hosts per subnet?;4096;2046;2048;4094;d;Medium;;ScientistEngineer SC Computer
203;Computer Networks;ALOHA;A Pure ALOHA network transmits 200-bit frames on a shared channel of 200 kbps. What is the throughput if the system produces 1000 frames per second?;250 frames;150 frames;80 frames;135 frames;c;Medium;;ScientistEngineer SC Computer
204;Computer Networks;Routing;Count-to-infinity is a problem associated with:;Link state routing protocol;TCP congestion control;Distance vector routing protocol;DNS;c;Easy;;ScientistEngineer SC Computer
205;Computer Networks;ARP;ARP request and reply packets are:;Broadcast and Unicast respectively;Broadcast and Broadcast respectively;Unicast and Multicast respectively;Multicast and Broadcast respectively;a;Easy;;ScientistEngineer SC Computer
206;Programming;C Language;Consider the following C program. What is the output? (global variable x, pointer manipulation and function calls);4887;4886;1248;1246;d;Medium;;ScientistEngineer SC Computer
207;Programming;C Language;"Consider the following C program with function pointer initialization: void *ptr() = first;. Which of the following is TRUE?";Program runs successfully;Compile error due to assignment;Compile error due to illegal operation;Both b and c;d;Medium;;ScientistEngineer SC Computer
208;Programming;C Language;"What does the following declaration mean? int (*f)(int *);";Function returning int pointer;Pointer to function returning int;Function returning int;Function pointer returning pointer;c;Easy;;ScientistEngineer SC Computer
209;Algorithms;Asymptotic Analysis;Given two functions f(n) and g(n), which of the following is true for h(n)=f(n)+g(n)?;Θ(max(f,g));Ω(max(f,g));O(max(f,g));All of the above;d;Medium;;ScientistEngineer SC Computer
210;Algorithms;Matrix Multiplication;Let A1, A2, A3, A4 be matrices of dimensions 10×5, 5×20, 20×10, and 10×5 respectively. The minimum number of scalar multiplications required to compute A1×A2×A3×A4 is:;1500;2050;1550;1750;a;Medium;;ScientistEngineer SC Computer
211;Algorithms;Asymptotic Analysis;Which one of the following inequalities holds asymptotically true?;log n < n log n < n;f(n) < n log n < n;log n < f(n) < n log n;log n < n! < n;a;Medium;;ScientistEngineer SC Computer
212;Data Structures;Hashing;A hash function h(key) = key mod 7 with linear probing is used to insert keys 44, 45, 79, 55, 91, 18, 63 into a table indexed from 0 to 6. What will be the location of key 91?;0;5;1;4;b;Medium;;ScientistEngineer SC Computer
213;Data Structures;Trees;Consider a complete binary tree with 7 nodes. Let A denote the set of first 3 elements obtained by BFS starting from the root. Let B denote the set of first 3 elements obtained by DFS starting from the root. The value of |A − B| is:;2;1;3;0;b;Medium;;ScientistEngineer SC Computer
214;Compiler Design;Symbol Table;Which of the following data structures can be used for efficiently storing the symbol table in a compiler implementation?;B+ tree;Binary Search Tree;Hash Table;Heap;c;Easy;;ScientistEngineer SC Computer
215;Software Engineering;COCOMO;A company develops DSP software of 40000 LOC. Using basic COCOMO model with multiplicative factor 2.8 and exponent 1.20, the estimated effort (person-months) is:;234.25;932.50;287.80;122.40;c;Medium;;ScientistEngineer SC Computer
216;Discrete Mathematics;Functions;How many onto (surjective) functions are there from an n-element set (n ≥ 2) to a 2-element set?;2^n;2^n − 1;2^n − 2;2(2^(n−1) − 1);d;Medium;;ScientistEngineer SC Computer
217;Machine Learning;PCA;Read the following statements about principal component analysis (PCA): A: Principal components are eigenvectors of centered data matrix. B: Principal components are right singular vectors of centered data matrix. C: Principal components are eigenvectors of covariance matrix. D: Principal components are right singular vectors of covariance matrix. Which are true?;Only A;All except A;Only B and C;Only C and D;c;Medium;;ScientistEngineer SC Computer
218;Machine Learning;Decision Trees;A decision tree grown to full depth is more likely to: I. Fit noise in data II. Suffer from overfitting III. Generalize well on unseen data;Only I;Both I and II;Only II;Both I and III;b;Easy;;ScientistEngineer SC Computer
219;Machine Learning;Regression;Consider minimizer w* of L2-regularized least squares objective J(w)=||Xw−y||² + λ||w||², λ>0. Which of the following is true?;w* exists iff XᵀX non-singular;Xw*=y;The minimizer w* is unique;w* = X⁻y;c;Medium;;ScientistEngineer SC Computer
220;Machine Learning;Classification;A multiclass classification problem with K classes can be solved using one-vs-all or softmax regression. When is softmax preferred?;Classes mutually exclusive;Classes not linearly separable;Classes not mutually exclusive;Both equal;a;Medium;;ScientistEngineer SC Computer
221;Machine Learning;Neural Networks;Sigmoidal activation function suffers from which practical problem?;Does not work with entropy loss;Can have negative values;Vanishing gradient problem;Convexity issue;c;Easy;;ScientistEngineer SC Computer
222;Machine Learning;CNN;Consider one layer in CNN. Which layer type has the fewest parameters to be learned?;Convolutional layer with 10 filters (3×3);Fully connected layer;Convolutional layer with 8 filters (5×5);Max pooling layer;d;Medium;;ScientistEngineer SC Computer
223;Machine Learning;Regularization;Which of the following statements on regularization are true? I. Batch normalization has implicit regularization II. L2 gives Laplacian prior III. L2 gives Gaussian prior IV. Regularization factor may cause underfitting;I and IV;I, III and IV;I and III;IV only;b;Medium;;ScientistEngineer SC Computer
224;Machine Learning;Logistic Regression;The logit function L(x) = log(x/(1−x)). What is the range of L(x) for x ∈ (0,1)?;(0, ∞);(0, 1);(−∞, ∞);(−∞, 0);c;Easy;;ScientistEngineer SC Computer
225;Machine Learning;SVM;In a Support Vector Machine with margin fixed to 1, the distance of support vectors from separating hyperplane is:;||W||;||W + b||;1/||W||;||W||²;c;Medium;;ScientistEngineer SC Computer
226;Machine Learning;Ensemble;The technique that combines the predictions from multiple machine learning algorithms together to make more accurate predictions than any individual model is called:;Reinforcement learning;Transfer learning;Ensemble learning;Inductive learning;c;Easy;;ScientistEngineer SC Computer
227;Machine Learning;Neural Networks;Consider a single unit in a neural network that receives two binary inputs x1, x2 ∈ {0,1} and computes a linear combination followed by a threshold activation function. Given bias b = −5, the weights that allow computation of NAND function are:;w1 = 0, w2 = 0;w1 = 1, w2 = 1;w1 = −1, w2 = 1;w1 = −3, w2 = −3;d;Medium;;ScientistEngineer SC Computer
228;Machine Learning;Neural Networks;What is the main purpose of Dropout in a neural network architecture?;Reduce output dimensions;Prevent vanishing gradient;Prevent overfitting on training data;Increase learning rate;c;Easy;;ScientistEngineer SC Computer
229;Machine Learning;CNN;Which of the following statements about using convolutional layers instead of fully connected ones for visual tasks are TRUE? A. Reduce number of hidden layers B. Enable spatial context modelling C. Translation invariant D. Parameters increase E. Enable parameter sharing;All;B, C, E;B, D, E;A, B, D, E;b;Medium;;ScientistEngineer SC Computer
230;Discrete Mathematics;Logic;Let p ∈ {8,9,10,11,12}, q = not a composite number, r = a square number, s = a prime number. Evaluate ~((p − ~q) ∧ (~r ∨ ~s)).;{9,11};{8,9,10,11,12};{9};{11};d;Medium;;ScientistEngineer SC Computer
231;Artificial Intelligence;Search;Which search uses problem-specific knowledge beyond the definition of the problem?;Informed search;Iterative deepening search;Both;Breadth-first search;a;Easy;;ScientistEngineer SC Computer
232;Machine Learning;Backpropagation;Which of the following statements are true for benefits of using backpropagation algorithm to compute gradients?;Only I;II and III;I and IV;Only II;c;Medium;;ScientistEngineer SC Computer
233;Machine Learning;KNN;In terms of bias-variance decomposition, a 1-nearest neighbour classifier has ______ than a 3-nearest neighbour classifier.;Higher variance;Higher bias;Lower variance;Lower bias;a;Medium;;ScientistEngineer SC Computer
234;Machine Learning;Bayesian Learning;If the posterior distribution has the same distribution family as the prior, the term describing this condition is called:;Subjugate prior;Conjugate posterior;Conjugate prior;Alternate prior;c;Easy;;ScientistEngineer SC Computer
235;Machine Learning;Kernel Methods;For feature map Φ(.) and kernel function k(Xi,Xj)=⟨Φ(Xi),Φ(Xj)⟩, which statements are true? I. Kernel trick avoids explicit computation of Φ(Xi) II. Running time does not depend on dimension of feature space;I only;II only;Both I and II;None;c;Medium;;ScientistEngineer SC Computer
236;Cryptography;RSA;In RSA public key cryptosystem, which of the clauses are required for RSA to work?;I only;II only;IV only;I and III;d;Medium;;ScientistEngineer SC Computer
237;Mathematics;Number Theory;The remainder when 3^100000 is divided by 53 is:;1;2;5;28;a;Medium;;ScientistEngineer SC Computer
238;Cryptography;Digital Signature;Which of the following is NOT the aim of the Digital Signature scheme?;Authenticity;Non-repudiation;Confidentiality;Integrity;c;Easy;;ScientistEngineer SC Computer
239;Security;Sandboxing;In security, sandboxing is a mechanism used for:;Confidentiality;Authentication;Isolation;Non-repudiation;c;Easy;;ScientistEngineer SC Computer
240;Computer Networks;Security;IPSec is designed to provide security at which layer of the protocol stack?;Application layer;Network layer;Data link layer;Physical layer;b;Easy;;ScientistEngineer SC Computer
