question_no,main_subject,sub_subject,question,optiona,optionb,optionc,optiond,correct_answer,difficulty,year,typeofpaper
1,Physics,Electrostatics,The electrostatic potential V = V(r) between two charged concentric spheres of radii r1 and r2 kept at potentials V1 = 2V and V2 = 0 volts respectively is given by the solution of Laplace equation. The radius of the spherical surface where the electrostatic potential reduces to V volts is:,r1r2/(r1+r2),2r1r2/(r1+r2),(r1^2+r2^2)/(r1+r2),r2^2/(r1+r2),2r1r2/(r1+r2),Hard,2020,ScientistEngineer SC Electronics
2,Mathematics,Differential Equations,The general solution of the differential equation d²y/dx² + y = x e^x is:,c₁ cos x + c₂ sin x + (e^x/2)(x + 1),c₁ cos x + c₂ sin x + e^x,c₁ cos x + c₂ sin x + (e^x/2)(x − 1),c₁ cos x + c₂ sin x + (e^x/2),c₁ cos x + c₂ sin x + (e^x/2)(x + 1),Medium,2020,ScientistEngineer SC Electronics
3,Mathematics,Linear Algebra,The determinant and trace of the matrix A are −612 and 97 respectively. Find the value of a + b.,17,18,36,34,34,Medium,2020,ScientistEngineer SC Electronics
4,Mathematics,Linear Algebra,Consider the following system of linear equations. The value of a for which the system has infinite solutions is:,4,10,6,12,6,Medium,2020,ScientistEngineer SC Electronics
5,Mathematics,Linear Algebra,Which one of the following statements is NOT true for a real symmetric square matrix M?,Eigenvalues of M are always positive,Eigenvalues of M are always real,Eigenvalues of M and M² are always same,Eigenvectors of distinct eigenvalues of M are orthogonal,Eigenvalues of M are always positive,Easy,2020,ScientistEngineer SC Electronics
6,Mathematics,Vector Calculus,Evaluate the line integral of the vector field F = zi + xj + yk over a helix of radius a and pitch 2πa.,aπ,(2aπ + 1)z,4a²,3a²,4a²,Hard,2020,ScientistEngineer SC Electronics
7,Mathematics,Limits,"Find constants (a, b, c) such that lim(x→0) [ae^x + b cos x − ce^x] / (x sin x) = 2.","(1, −2, −1)","(2, 1, −1)","(−1, 1, 2)","(1, −2, 1)","(1, −2, −1)",Medium,2020,ScientistEngineer SC Electronics
8,Mathematics,Vector Calculus,Find ∇ × A where A = √(x² + y² + z² − 2xyz).,x + y + z,0,xyz,x + y + z − xyz,0,Medium,2020,ScientistEngineer SC Electronics
9,Mathematics,Complex Analysis,Find the analytic function f(z) whose real part is e^(−x)(x sin y − y cos y).,c + i e^z,c − e^z,c + i e^(−z),c − 2i e^(−z),c + i e^(−z),Hard,2020,ScientistEngineer SC Electronics
10,Mathematics,Probability,"A rod has length L = (50 + x) cm, where x has PDF f(x)=1.5(x² − x), −1 < x < 1. Find a such that length lies between 50 ± a.",0.92,0.98,0.99,0.95,0.98,Medium,2020,ScientistEngineer SC Electronics
11,Mathematics,Probability,"If the number of trains per hour follows a Poisson distribution with mean 5, find the probability of observing 2 or fewer trains.",19e^−5,37e^−5,18.5e^−5,9.5e^−5,18.5e^−5,Medium,2020,ScientistEngineer SC Electronics
12,Electrical,Circuit Analysis,"In the given switching circuit, the switch changes position at t = 0 s and t = 5 s. Find the expression for current i(t) for t > 5 s.",−20 + (30 − i)e^(−0.05(t − 5)),−20(1 − e^(−0.2(t − 5))),−20(1 − e^(−t)),−20 + (30 − i)e^(−0.01(t − 5)),−20(1 − e^(−0.2(t − 5))),Hard,2020,ScientistEngineer SC Electronics
13,Electrical,AC Circuits,Find the steady-state voltage across the capacitor in the given circuit excited by sinusoidal input.,cos(20t),−4√2 cos(20t),−4√2 sin(20t),3 sin(20t),−4√2 cos(20t),Medium,2020,ScientistEngineer SC Electronics
14,Electrical,Magnetic Circuits,Two coils are magnetically coupled such that 80% of the flux generated from one coil links with the other. Find the mutual inductance.,0.8 H,1.6 H,3.2 H,6.4 H,1.6 H,Easy,2020,ScientistEngineer SC Electronics
15,Electrical,Network Theory,Find the Y-parameter matrix of the given two-port network.,[0.4 0; −0.2 0.5],[0.4 −0.2; 0 0.5],[0.4 0; 0 0.5],[0 0.5; −0.2 0.4],[0.4 −0.2; 0 0.5],Hard,2020,ScientistEngineer SC Electronics
16,Computer Science,Graph Theory,Determine the number of spanning trees in the given graph.,16,8,32,4,16,Easy,2020,ScientistEngineer SC Electronics
17,Electrical,Network Theory,Find the driving point admittance of the given bridged T-network.,(2s² + 5s + 2)/(s² + 5s + 1),(2s² + 5s + 1)/(s² + 5s + 1),(s² + 5s + 1)/(2s² + 5s + 2),(2s² + 5s − 1)/(s² + 5s + 1),(2s² + 5s + 2)/(s² + 5s + 1),Hard,2020,ScientistEngineer SC Electronics
18,Control Systems,Signal Flow,Find the transfer function of the system using the signal flow graph.,6/(s² − 25s + 7),6/(s² − 75s + 25),6/(s² + 25s + 7),6/(s² + 75s + 25),6/(s² + 25s + 7),Medium,2020,ScientistEngineer SC Electronics
19,Control Systems,Time Response,The frequency response of a system is H(f) = 1/(1 + j2πf). Find the step response.,(1 − e^(−t))u(t),2(1 − e^(−t))u(t),2e^(−t),2(1 − e^(−t/2))u(t),(1 − e^(−t))u(t),Medium,2020,ScientistEngineer SC Electronics
20,Control Systems,Stability,The characteristic equation of a system is s³ + 4s² + Ks + 12 = 0. Determine the range of K for stability.,K > 12,K > 3,4 < K < 12,K < 12,4 < K < 12,Medium,2020,ScientistEngineer SC Electronics
21,Control Systems,Stability,"Consider a closed loop system whose open loop transfer function is G(s)H(s) = K/((T1s + 1)(T2s + 1)). For the system to be stable, which of the following condition is TRUE?","All positive values of K, T1 and T2",Positive value of K and negative values of T1 and T2,Negative value of K and positive values of T1 and T2,"All negative values of K, T1 and T2","All positive values of K, T1 and T2",Easy,2020,ScientistEngineer SC Electronics
22,Control Systems,Frequency Response,"For a system with integral control H(s) = K/s, the value of K when the closed loop resonance peak is 2/√3 is:",4√3,2√3,2/√3,1/√3,2√3,Medium,2020,ScientistEngineer SC Electronics
23,Control Systems,Error,"A control system with PD controller is shown. If the ramp error constant is 100, the value of Ki is:",5,20,10,40,10,Medium,2020,ScientistEngineer SC Electronics
24,Control Systems,State Space,"If A = [[0, 1], [0, 0]], the state transition matrix e^{At} is:","[[1, t], [0, 1]]","[[e^t, 0], [0, e^t]]","[[0, e^t], [0, 0]]","[[t, 1], [0, 1]]","[[1, t], [0, 1]]",Medium,2020,ScientistEngineer SC Electronics
25,Electronics,Semiconductors,"A silicon bar is doped with phosphorus with donor concentration Nd = 10¹⁰ cm⁻³. If intrinsic carrier concentration at T = 300 K is ni = 1.5×10¹⁰ cm⁻³, assuming complete impurity ionization, the equilibrium electron concentration n and hole concentration p are:",n = 10¹⁰ cm⁻³ and p = 5.5×10¹⁰ cm⁻³,n = 10¹⁰ cm⁻³ and p = 2.25×10¹⁰ cm⁻³,n = 10⁸ cm⁻³ and p = 2.25×10¹² cm⁻³,n = 2.25×10¹⁰ cm⁻³ and p = 10¹⁰ cm⁻³,n = 10¹⁰ cm⁻³ and p = 2.25×10¹⁰ cm⁻³,Medium,2020,ScientistEngineer SC Electronics
26,Electronics,PN Junction,"Consider an abrupt p-n junction diode with built-in potential of 0.7 V. If its junction capacitance Cj is 4 pF at a reverse bias of 1.3 V, then the value of Cj when reverse bias is 7.3 V is:",4 pF,2 pF,1 pF,8 pF,2 pF,Easy,2020,ScientistEngineer SC Electronics
27,Electronics,MOSFET,"Consider an enhancement type N-channel MOSFET with μn = 650 cm²/V·s, Cox = 6.9×10⁻⁸ F/cm², Vth = 0.65 V and L = 1.25 μm. If it is operating in saturation with VDS = 5 V and ID = 4 mA, the channel width W of the MOSFET is:",11.8 μm,23.6 μm,5.9 μm,51.33 μm,23.6 μm,Medium,2020,ScientistEngineer SC Electronics
28,Electronics,Diode Circuits,Consider the following circuit with R1 = R2 = 10 Ω. The input voltage is a 20 V square wave of period 10 ms and the diode is ideal. The average value of load voltage is:,5 V,10 V,2.5 V,20 V,10 V,Easy,2020,ScientistEngineer SC Electronics
29,Electronics,BJT,"If in the circuit shown, VBE = 0.75 V, then VCE is:",3.85 V,7.7 V,1.42 V,2.85 V,3.85 V,Medium,2020,ScientistEngineer SC Electronics
30,Electronics,JFET,"The n-channel JFET circuit is self-biased. If RD = 3 kΩ, RS = 1 kΩ, VDD = 14 V and VDS at quiescent point is 6 V, assuming negligible gate leakage current, the VGS at quiescent point is:",−8 V,−1 V,−2 V,−4 V,−2 V,Medium,2020,ScientistEngineer SC Electronics
31,Electronics,Amplifiers,"Consider the following amplifier circuit with transistor parameter VBE = 0.726 V, β = 99. If VT = 26 mV, the corner frequency fc of the amplifier is:",15.7/π Hz,31.4/π Hz,31.25/π Hz,62.5/π Hz,31.4/π Hz,Medium,2020,ScientistEngineer SC Electronics
32,Electronics,Op-Amp,Consider the following ideal op-amp circuit with R1 = 10 kΩ and R2 = 20 kΩ. The voltage gain Vo/Vi is:,1,2,4,8,2,Easy,2020,ScientistEngineer SC Electronics
33,Electronics,Amplifiers,"For a class A amplifier, the ratio of efficiency of transformer coupled amplifier to transformerless amplifier is:",1,2,0.5,3,2,Easy,2020,ScientistEngineer SC Electronics
34,Digital Electronics,Number Systems,"For the addition operation 24 + 14 = 42 to be TRUE, the base of the number system is:",7,8,9,6,8,Easy,2020,ScientistEngineer SC Electronics
35,Digital Electronics,Logic Gates,A CMOS implementation of a logic gate is shown in the figure with A and B as inputs and Y as output. The Boolean logic function realized by the circuit is:,AND,NAND,NOR,OR,NAND,Easy,2020,ScientistEngineer SC Electronics
36,Digital Electronics,Memory,A 4 kb memory is arranged as a square array with equal number of rows and columns. The minimum number of address lines for the column decoder is:,6,7,8,10,6,Medium,2020,ScientistEngineer SC Electronics
37,Digital Electronics,Memory,"A 4K × 8 bit RAM is interfaced to an 8-bit microprocessor. If the starting address is 4000H, the last address is:",0FFFH,47FFH,4FFFH,8000H,4FFFH,Medium,2020,ScientistEngineer SC Electronics
38,Communication,Information Theory,"A communication channel has bandwidth 3 kHz and SNR 15. If SNR reduces to 7 and bandwidth increases to 4 kHz, the channel capacity will:",Remain same,Decrease by 1 kbps,Increase by 1 kbps,Decrease by 17 kbps,Remain same,Medium,2020,ScientistEngineer SC Electronics
39,Communication,Digital Modulation,A communication system has data rate 2000 kbps using 8-PSK and coding rate 5/6. The symbol rate is:,6000 ksps,5000 ksps,800 ksps,666 ksps,5000 ksps,Medium,2020,ScientistEngineer SC Electronics
40,Communication,Optical,"For an optical fiber using GaAs LED with coupling efficiency 0.08, the optical loss is:",8 dB,11 dB,29 dB,20 dB,11 dB,Easy,2020,ScientistEngineer SC Electronics
41,DSP,FFT,The number of complex multiplications required for 16-point DFT using direct computation and FFT respectively are:,"256, 32","1024, 128","16, 4","64, 16","256, 32",Medium,2020,ScientistEngineer SC Electronics
42,DSP,DFT,"If X(k) is the DFT of sequence x[n] = x1[n] + jx2[n], then the DFT of x1[n] is:",(X[k] + X*[N−k])/2,(X*[k] − X[N−k])/2,(X[k] + X[N−k])/2,(X[k] − X*[N−k])/2,(X[k] + X*[N−k])/2,Hard,2020,ScientistEngineer SC Electronics
43,DSP,Filters,"The bit growth in a CIC interpolation filter with interpolation factor 128, 4 stages and differential delay 2 is:",64,16,32,4,32,Medium,2020,ScientistEngineer SC Electronics
44,VLSI,Pass Transistor,"In a pass transistor circuit with VDD = 1 V and threshold voltage 0.2 V, the output voltage is:",0.6 V,0.8 V,1 V,1.2 V,0.8 V,Medium,2020,ScientistEngineer SC Electronics
45,VLSI,CMOS,A CMOS IC consumes 155 mW at 10 MHz and 200 mW at 25 MHz. The static power consumption is:,120 mW,200 mW,125 mW,225 mW,120 mW,Medium,2020,ScientistEngineer SC Electronics
46,VLSI,MOSFET,"If n identical MOSFETs with same W/L are connected in series, the equivalent W/L is:",(W/L)×n,(W/L)/n,(W/L)×n²,(W/L)/n²,(W/L)/n,Easy,2020,ScientistEngineer SC Electronics
47,Microcontroller,8051,Which operation takes minimum clock cycles in 8051?,b=a*a,b=a*5,b=a/5,b=a/8,b=a/8,Easy,2020,ScientistEngineer SC Electronics
48,Digital Electronics,FPGA,Which FPGA resource implements combinational logic functionality?,Block RAM,CLB,Routing matrix,All of above,CLB,Easy,2020,ScientistEngineer SC Electronics
49,Computer Organization,Memory,"A system has L1, L2 and main memory access times 1, 10 and 100 cycles respectively. L1 miss rate = 5%, L2 miss rate = 20%. The average memory access time (AMAT) is:",2.5 cycles,5 cycles,7.5 cycles,1 cycle,2.5 cycles,Medium,2020,ScientistEngineer SC Electronics
50,Computer Organization,Performance,"A multicycle processor executes instructions: branches (3 cycles), R/I type (4 cycles), load/store (5 cycles). Given instruction mix, the CPI is:",4.1,4.14,2.14,2.4,4.14,Medium,2020,ScientistEngineer SC Electronics
51,Mathematics,Differential Equations,Solve the initial value problem 3x²y dx + 2x³ dy = 0 with y(1)=3.,y=3/x^(3/2),x³y²=9,x³y²=19,x³y²=3,x³y²=9,Hard,2020,ScientistEngineer SC Mechanical
52,Mathematics,Differential Equations,"Given y'' + ay' + by = 0 with a = 2√b, find basis of solution.","e^(−ax/2), xe^(−ax/2)","e^(ax), e^(−ax)",c1e^(−ax/2)+c2e^(ax/2),"e^(−ax/2), e^(ax/2)","e^(−ax/2), xe^(−ax/2)",Medium,2020,ScientistEngineer SC Mechanical
53,Mathematics,Linear Algebra,Find inverse of given 2×2 matrix.,Opt1,Opt2,Opt3,Opt4,Correct inverse (Option A),Medium,2020,ScientistEngineer SC Mechanical
54,Mathematics,Continuity,Find b such that function is continuous at x = −1.,-1,0,1,1/2,1,Easy,2020,ScientistEngineer SC Mechanical
55,Mathematics,Laplace Transform,"Given L{f(t)} = 1/(s(s²+ω²)), find f(t).",ω²(1−cosωt),ω²(1+cosωt),(1−sinωt)/ω,(1−cosωt)/ω²,(1−cosωt)/ω²,Medium,2020,ScientistEngineer SC Mechanical
56,Mechanical,Power,"Punching press delivers 20 kN-m energy, 900 strokes/hr. Find motor power.",20kW,5kW,2.7kW,3.1kW,2.7kW,Medium,2020,ScientistEngineer SC Mechanical
57,Mathematics,Vector Calculus,"Curl of gradient of scalar potential φ(x,y).",Maximum,Minimum,Zero,Not defined,Zero,Easy,2020,ScientistEngineer SC Mechanical
58,Mathematics,PDE,Classify PDE Uxx + 2Uxy + Uyy = F.,Elliptic,Parabolic,Hyperbolic,Trigonometric,Parabolic,Medium,2020,ScientistEngineer SC Mechanical
59,Mathematics,Probability,Probability of exactly 4 heads in 5 tosses.,5/32,1/8,1/32,3/26,5/32,Easy,2020,ScientistEngineer SC Mechanical
60,Engineering Mechanics,Forces,"Two forces at 120°, resultant ⟂ smaller force. Find smaller force.",20,25,30,35,25,Medium,2020,ScientistEngineer SC Mechanical
61,Engineering Mechanics,Kinematics,"Given θ = 2t³ − 3t², find angular acceleration at t=1.",1,4,6,12,6,Easy,2020,ScientistEngineer SC Mechanical
62,Engineering Mechanics,Projectile,"Range = 4×height, find angle.",36°,45°,56°,76°,45°,Medium,2020,ScientistEngineer SC Mechanical
63,Engineering Mechanics,Circular Motion,"Car at 36 km/h in 100m radius, find angular speed.",0.1,1,10,100,0.1 rad/s,Easy,2020,ScientistEngineer SC Mechanical
64,Engineering Mechanics,Work Power,50 kg boy climbs 8m in 10s. Find power.,400W,40W,4000W,None,400 W,Easy,2020,ScientistEngineer SC Mechanical
65,Strength of Materials,Elasticity,No volume change under axial load. Find Poisson ratio.,0.2,0.3,0.5,1,0.5,Medium,2020,ScientistEngineer SC Mechanical
66,Strength of Materials,Bending,Find maximum UDL on beam.,60,300,150,30,60 kN/m,Hard,2020,ScientistEngineer SC Mechanical
67,Strength of Materials,Stress-Strain,Point after proportional limit.,Upper yield,Lower yield,Elastic limit,Ultimate,Upper yield point,Easy,2020,ScientistEngineer SC Mechanical
68,Strength of Materials,Thermal Stress,Stress ratio in bars P and Q.,2,4,8,16,2,Medium,2020,ScientistEngineer SC Mechanical
69,Strength of Materials,Strain Energy,Find modulus of resilience.,1/5,25,1/25,5,1/5 N-mm/mm³,Medium,2020,ScientistEngineer SC Mechanical
70,Theory of Machines,Kinematics,Number of inversions for L links.,L,L/2,L+2,L+1,L,Easy,2020,ScientistEngineer SC Mechanical
71,Theory of Machines,Vibration,Node in torsional vibration.,Max velocity,Max displacement,Max acceleration,Zero displacement,Zero angular displacement,Easy,2020,ScientistEngineer SC Mechanical
72,Strength of Materials,Failure Theory,Rankine theory applicable to.,Ductile,Brittle,Plastic,Tough,Brittle materials,Easy,2020,ScientistEngineer SC Mechanical
73,Engineering Mechanics,Flywheel,Find moment of inertia.,5517,6119,7536,9132,6119 kg·m²,Medium,2020,ScientistEngineer SC Mechanical
74,Engineering Mechanics,Vibration,"Mass-spring system, find m.",1.8,1,1.2,2.4,1.2 kg,Medium,2020,ScientistEngineer SC Mechanical
75,Theory of Machines,Spring,Spring constant after doubling parameters.,k/2,k,8k,16k,8k,Medium,2020,ScientistEngineer SC Mechanical
76,Engineering Mechanics,SHM,A simple pendulum of length 8 m has speed 10 m/s at mean position. Find net force on bob.,3 N,0,30 N,1 N,0,Easy,2020,ScientistEngineer SC Mechanical
77,Theory of Machines,Vibration,"For equation x¨ + 64π²x = 0, find natural frequency.",1 Hz,2 Hz,4 Hz,8 Hz,4 Hz,Medium,2020,ScientistEngineer SC Mechanical
78,Strength of Materials,Torsion,Maximum shear stress in circular shaft under torque T.,32T/(πd³),32T/(πd⁴),16T/(πd³),16T/(πd⁴),16T/(πd³),Easy,2020,ScientistEngineer SC Mechanical
79,Fluid Mechanics,Vortex,"In free vortex, tangential velocity varies as.",Direct r,Inverse r,Direct r²,Inverse r²,Inversely proportional to r,Easy,2020,ScientistEngineer SC Mechanical
80,Fluid Mechanics,Water Hammer,Water hammer depends on.,Pipe elasticity,Fluid elasticity,Valve speed,All,All of the above,Easy,2020,ScientistEngineer SC Mechanical
81,Fluid Mechanics,Flow,Large Reynolds number indicates.,Smooth flow,Laminar flow,Steady flow,Highly turbulent flow,Highly turbulent flow,Easy,2020,ScientistEngineer SC Mechanical
82,Fluid Mechanics,Viscosity,Unit of dynamic viscosity.,m²/s,N·s/m²,Pa·s/m²,kg·s²/m²,N·s/m²,Easy,2020,ScientistEngineer SC Mechanical
83,Fluid Mechanics,Pumps,Centrifugal pump power required.,20 kW,200 kW,2000 kW,40 kW,20 kW,Medium,2020,ScientistEngineer SC Mechanical
84,Fluid Mechanics,Hydrostatics,Depth of centre of pressure for vertical circular plate.,5d/8,11d/16,2d/3,3d/4,2d/3,Medium,2020,ScientistEngineer SC Mechanical
85,Fluid Mechanics,Impact of Jet,Force developed by jet on moving plate.,10 N,100 N,1000 N,2000 N,200 N (approx → closest 1000 N),Medium,2020,ScientistEngineer SC Mechanical
86,Fluid Mechanics,Pipe Flow,Head loss in sudden expansion.,1/4(V₁²/2g),3/16(V₁²/2g),1/64(V₁²/2g),9/16(V₁²/2g),9/16(V₁²/2g),Medium,2020,ScientistEngineer SC Mechanical
87,Heat Transfer,Thermal Properties,Thermal diffusivity represents.,Heat conduction,Heat emission,Conduction/storage ratio,Radiation,Conduction relative to storage,Medium,2020,ScientistEngineer SC Mechanical
88,Heat Transfer,Radiation,Which body cools faster in vacuum?,High emissivity,Low emissivity,Same,None,Higher emissivity body,Easy,2020,ScientistEngineer SC Mechanical
89,Heat Transfer,Radiation,Wavelength for max emission at 2000K.,2.9 μm,5.8 μm,1.45 μm,145 μm,1.45 μm,Medium,2020,ScientistEngineer SC Mechanical
90,Heat Transfer,Radiation,Grey body definition.,Appears grey,Temp independent,Direction independent,Wavelength independent,Wavelength independent,Easy,2020,ScientistEngineer SC Mechanical
91,Heat Transfer,Radiation,Temp for 16× radiation increase.,254°C,527°C,400°C,800°C,527°C,Medium,2020,ScientistEngineer SC Mechanical
92,Thermodynamics,Basics,Thermodynamic system undergoes.,Pressure change,Volume change,Internal energy change,All,All of the above,Easy,2020,ScientistEngineer SC Mechanical
93,Thermodynamics,Laws,Conservation of energy law.,Zeroth,Stefan,First,Second,First law,Easy,2020,ScientistEngineer SC Mechanical
94,Thermodynamics,Entropy,Entropy change in reversible adiabatic.,Zero,Positive,Negative,Unknown,Zero,Easy,2020,ScientistEngineer SC Mechanical
95,Thermodynamics,Cycles,Otto cycle consists of.,2P+2V,2P+2T,2T+2S,2V+2S,2 constant volume + 2 isentropic,Medium,2020,ScientistEngineer SC Mechanical
96,Thermodynamics,Psychrometry,Fully saturated air condition.,DBT=WBT,DBT>WBT,WBT>DBT,None,DBT=WBT,Easy,2020,ScientistEngineer SC Mechanical
97,Materials Science,Heat Treatment,Annealing process.,Air cooled,Quenched,Furnace cooled,Below critical,Furnace cooled,Medium,2020,ScientistEngineer SC Mechanical
98,Materials Science,Crystal Structure,HCP metals.,Zn Mg Co Cd,Al Cu Ag,Fe Cr W,None,Zn Mg Co Cd,Medium,2020,ScientistEngineer SC Mechanical
99,Materials Science,Mechanical Properties,Slow deformation under stress.,Creep,Fatigue,Endurance,Plasticity,Creep,Easy,2020,ScientistEngineer SC Mechanical
100,Materials Science,Phase Transformation,Curie temperature.,770°C,910°C,1050°C,Below recrystallization,770°C,Medium,2020,ScientistEngineer SC Mechanical
101,Physics,Electromagnetism,"A circular loop of fine wire of radius R carrying a current I is placed in a uniform magnetic field B perpendicular to the plane of the loop. If the breaking tension of the wire is T, the wire will break when the magnetic field exceeds",T/(IR),T/(2πIR),μ0T/(2πIR),μ0T/(4πIR),T/(2πIR),Medium,2020,ScientistEngineer SC Physics
102,Physics,Measurement,"A student is provided with standard resistors and instruments including voltmeter (0.1V), thermometer (0.1°C), ammeter (0.001A), stopwatch (0.05s), constant current source and constant voltage source. The least accurate method to measure resistance is",Measuring Joule heating,Constant current method,Constant voltage method,Wheatstone bridge,Measuring Joule heating,Easy,2020,ScientistEngineer SC Physics
103,Mathematics,Differential Equations,The function y(x) satisfies x(dy/dx)=y(ln y − ln x +1) with y(1)=3. Find y(3),9,81,64,27,27,Hard,2020,ScientistEngineer SC Physics
104,Physics,Astrophysics,"In a stellar model, density p(r)=p0(1−r/R). The gravitational potential energy of the star is",-GM²/(4πR),-3GM²/(5R),-5GM²/(7R),-3GM²/(7R),-3GM²/(5R),Hard,2020,ScientistEngineer SC Physics
105,Physics,Quantum Mechanics,A particle has wavefunction ψ(x)=ψ0(1−|x|/a). The corresponding potential is,Vx²,V|x|,−Vδ(x),|x|,−Vδ(x),Medium,2020,ScientistEngineer SC Physics
106,Mathematics,Integration,The value of the integral ∫ x² exp(−x²) dx from 0 to ∞ is,√π/4,1/2,√π/8,1,√π/4,Medium,2020,ScientistEngineer SC Physics
107,Physics,Kinematics,"A stone is dropped vertically from a tower of height 40 m. At the same time, a gun is aimed directly at the stone from a horizontal distance of 30 m and fired. If the bullet hits the stone before it reaches the ground, the minimum velocity of the bullet is",57.5 m/s,27.7 m/s,17.7 m/s,7.4 m/s,27.7 m/s,Medium,2020,ScientistEngineer SC Physics
108,Physics,Mechanics,"A particle with time varying mass m(t)=m₀(1−t/T) moves under a constant force F. If initially at rest, the velocity at time t is",−(F/m₀)ln(1−t/T),(F/m₀)ln(1−t/T),(F/m₀)(t/T),(F/m₀)(1−t/T),−(F/m₀)ln(1−t/T),Hard,2020,ScientistEngineer SC Physics
109,Physics,Experiments,Which experiment proves Earth is a non-inertial frame with respect to fixed stars?,Fizeau experiment,Foucault pendulum,Newton coin experiment,Michelson-Morley,Foucault pendulum,Easy,2020,ScientistEngineer SC Physics
110,Physics,Quantum Mechanics,A harmonic oscillator has wavefunction ψ = [3ψ₀ − 2√2ψ₁ + 2√2ψ₂]/3. The expectation value of energy is,1.58 ħω,0.46 ħω,ħω,1.46 ħω,1.46 ħω,Hard,2020,ScientistEngineer SC Physics
111,Physics,Quantum Mechanics,A particle in a 1D box left undisturbed has wavefunction which is,Ground state,Periodic,Linear superposition,Single eigenstate,Linear superposition,Medium,2020,ScientistEngineer SC Physics
112,Physics,Statistical Mechanics,"A classical ideal gas is confined in potential V(x,y,z)=C(x²+y²+z²). The RMS distance from origin is",√(3kT/C),√(kT/C),√(2kT/C),√(6kT/C),√(3kT/C),Medium,2020,ScientistEngineer SC Physics
113,Mathematics,Algebra,The system x² − y² = 1 and x − y = 1 has how many solutions?,1,2,3,4,2,Easy,2020,ScientistEngineer SC Physics
114,Physics,Mechanics,Hamiltonian equals total energy if Lagrangian,Has no velocity terms,Is separable,Has no coordinate terms,Has no explicit time dependence,Has no explicit time dependence,Medium,2020,ScientistEngineer SC Physics
115,Physics,Measurement,"Two students measure pendulum period. Student A measures N times separately, B measures N oscillations once. Which has less error?",A larger error,A smaller error,Same accuracy,Cannot decide,Student B has smaller error,Easy,2020,ScientistEngineer SC Physics
116,Mathematics,Fourier Series,The Fourier series that reproduces the function f(x) in the interval 0 < x < 1 is,cos(mx)+cos(2mx)+...,1+2cos(2mx)+2cos(4mx)+...,1+cos(mx)+cos(2mx)+...,(cos(mx)+sin(mx))+...,1+2cos(2mx)+2cos(4mx)+...,Hard,2020,ScientistEngineer SC Physics
117,Physics,Quantum Mechanics,"An electron in hydrogen initially in state n=3, l=2 undergoes electric dipole transition. The final state can be","(n=2,l=1)","(n=2,l=2)","(n=3,l=0)","(n=3,l=1)","(n=2,l=1)",Medium,2020,ScientistEngineer SC Physics
118,Physics,Quantum Mechanics,An electron in 1D box of length 1 nm. First three de Broglie wavelengths are,"1.5,0.75,0.33","2.0,1.0,0.67","3.0,1.5,1.0","1.0,0.5,0.33","2.0 nm, 1.0 nm, 0.67 nm",Medium,2020,ScientistEngineer SC Physics
119,Physics,Electromagnetism,A conductor of length 1 cm rotates in radial magnetic field B=0.5 r̂ Tesla. Induced emf is,-0.06 V,-0.05 V,-0.04 V,-0.03 V,-0.05 V,Medium,2020,ScientistEngineer SC Physics
120,Physics,Thermodynamics,An ideal gas in insulated rigid container initially at T with walls at T₀<T. Final pressure compared to initial is,Same,Lower initially,Higher initially,Same final and initial,Higher initially,Medium,2020,ScientistEngineer SC Physics
121,Physics,Relativity,Two observers moving at c/2 along triangle sides. Relative velocity of B wrt A is,c/2,3c/4,c/3,c/√2,3c/4,Hard,2020,ScientistEngineer SC Physics
122,Physics,Low Temperature Physics,Best sensor material for 100 mK to 1 K temperature range is,Insulator,p-n junction,Pure semiconductor,Metal,Pure semiconductor,Medium,2020,ScientistEngineer SC Physics
123,Physics,EM Waves,"Given electric and magnetic fields, time averaged radiated power is",AB/μ0,μ0AB,c²AB,AB,AB/μ0,Hard,2020,ScientistEngineer SC Physics
124,Physics,Statistical Mechanics,Photon number in blackbody cavity varies as,T,T²,T³,T⁴,T³,Medium,2020,ScientistEngineer SC Physics
125,Physics,Solid State,Why electronic specific heat is small in metals?,Mass small,Pauli exclusion,Spin,Interaction,Pauli exclusion principle,Medium,2020,ScientistEngineer SC Physics
126,Physics,Vector Calculus,"Vector parallel to surface x²y+2xz=4 at (2,-2,3) is",6i−2j−5k,6i+2j+5k,−6i−2j+5k,6i−2j+5k,6i−2j+5k,Medium,2020,ScientistEngineer SC Physics
127,Physics,Quantum Mechanics,Ground state energy of particle in box is not zero because,No nodes,Convenient zero,Uncertainty principle,Finite potential,Uncertainty principle,Medium,2020,ScientistEngineer SC Physics
128,Physics,Atmospheric Physics,Correct air flow around low pressure region in southern hemisphere,Diagram A,Diagram B,Diagram C,Diagram D,Diagram B,Medium,2020,ScientistEngineer SC Physics
129,Physics,Solid State,In indirect band gap semiconductor which is NOT true,Energy increases,Phonon involved,Photon absorbed,No momentum change,No momentum change,Medium,2020,ScientistEngineer SC Physics
130,Physics,Thermodynamics,"For gas equation of state, Cp−Cv equals",R,R(1+...),R(1+...),R(1−...),R,Medium,2020,ScientistEngineer SC Physics
131,Physics,Electrostatics,An infinitely long cylinder of radius R carries charge density ρ(r)=kr. The electrostatic potential inside the cylinder varies as,r²,ln(r),r³,1/r,r²,Medium,2020,ScientistEngineer SC Physics
132,Physics,EM Waves,"Given relations between E and B fields in EM wave, the wave nature is",Plane wave,Standing wave,Divergent wave,Non-wave,Plane wave,Medium,2020,ScientistEngineer SC Physics
133,Physics,Atomic Physics,"Ground state configuration of nitrogen (¹⁴N). Quantum numbers (L,S,J) are","(1,3/2,5/2)","(1,1/2,3/2)","(0,3/2,3/2)","(0,1/2,1/2)","(1,3/2,5/2)",Medium,2020,ScientistEngineer SC Physics
134,Physics,Electrostatics,Hydrogen atom model with charge density p(r). Electric field at r=a is,ExprA,ExprB,ExprC,ExprD,ExprA,Hard,2020,ScientistEngineer SC Physics
135,Mathematics,Linear Algebra,Matrix with equal eigenvalues. Find x.,100,50,25,10,50,Medium,2020,ScientistEngineer SC Physics
136,Physics,Solid State,"In 2D metals with density ratio 1:2, Fermi energy ratio is",2:3,1:2,1:4,1:8,1:4,Medium,2020,ScientistEngineer SC Physics
137,Physics,Mechanics,"For Lagrangian L, corresponding Hamiltonian is",Not defined,0,−qsin²q,Expression,Expression,Hard,2020,ScientistEngineer SC Physics
138,Physics,Quantum Mechanics,Bound state energy in delta potential V(x)=−aδ(x) is,−(am/2ħ²),−(am/ħ²),−(a²m/2ħ²),−(a²m/ħ²),−(a²m/2ħ²),Hard,2020,ScientistEngineer SC Physics
139,Mathematics,Limits,Evaluate lim (ln(1+sinθ)/sinθ) as θ→0,∞,1,−∞,0,1,Easy,2020,ScientistEngineer SC Physics
140,Physics,Quantum Mechanics,Most probable radius in hydrogen second excited state is,4a,2a,8a,5a,4a,Medium,2020,ScientistEngineer SC Physics
141,Physics,Quantum Mechanics,"For two nucleon singlet state, (σ1·σ2) value is",2,3,−3,−2,−3,Medium,2020,ScientistEngineer SC Physics
142,Physics,Lagrangian Mechanics,Adding total derivative to Lagrangian affects equations of motion as,No change,Momentum conserved,Energy change,None,No change,Medium,2020,ScientistEngineer SC Physics
143,Physics,Statistical Mechanics,Three spins system probability and magnetic moment,OptA,OptB,OptC,OptD,OptB,Hard,2020,ScientistEngineer SC Physics
144,Physics,Solid State,Structure factor for given Bravais lattice is,3,2,4,6,4,Medium,2020,ScientistEngineer SC Physics
145,Physics,EM Theory,Lowest non-zero power of ω in induced emf expansion is,1,3,4,2,2,Medium,2020,ScientistEngineer SC Physics
146,Physics,Statistical Mechanics,Energy distribution maximum occurs at E/kT value,0.1,0.2,0.3,0.5,0.5,Medium,2020,ScientistEngineer SC Physics
147,Mathematics,Matrices,Matrix not representing proper rotation is,A,B,C,D,D,Medium,2020,ScientistEngineer SC Physics
148,Mathematics,Linear Algebra,Product of eigenvalues of matrix is,−1,1,0,2,1,Easy,2020,ScientistEngineer SC Physics
149,Physics,Quantum Mechanics,Ground state wavefunction in given potential is,sin,sin,cos,cos,sin,Medium,2020,ScientistEngineer SC Physics
150,Physics,Linear Algebra,Rotation axis vector for given matrix is,OptA,OptB,OptC,OptD,OptB,Medium,2020,ScientistEngineer SC Physics
151,Physics,Particle Physics,A massive particle X in free space decays spontaneously into two photons. Which of the following statements is true for X?,X is charged,Spin of X must be greater than or equal to 2,X is a boson,X must be a baryon,X is a boson,Medium,2020,ScientistEngineer SC Physics
152,Physics,EM Waves,The electric field of an electromagnetic wave is given by E = 3 sin(kz − ωt) x̂ + 4 cos(kz − ωt) ŷ. The wave is,Linearly polarized at angle tan⁻¹(4/3),Linearly polarized at angle tan⁻¹(3/4),Elliptically polarized clockwise,Elliptically polarized counter-clockwise,Elliptically polarized (counter-clockwise),Medium,2020,ScientistEngineer SC Physics
153,Physics,Statistical Mechanics,"Consider two systems A and B each having two distinguishable particles. Each particle can exist in states with energies 0,1,2,3 units. Total energy of system is 5 units. If A has energy 3 and B has energy 2, entropy = k_B ln A. Find A.",15,18,12,16,18,Hard,2020,ScientistEngineer SC Physics
154,Physics,Electromagnetism,An infinitely long solenoid with N turns per unit length and radius R carries current I(t)=a cos(ωt). The magnitude of electric field at the surface of the solenoid is proportional to,μ0NRωa sin(ωt),μ0NRωa cos(ωt),NRωa sin(ωt),NRωa cos(ωt),NRωa sin(ωt),Medium,2020,ScientistEngineer SC Physics
155,Physics,Statistical Mechanics,Three particles are distributed in four non-degenerate energy levels. Number of ways for distinguishable particles and identical bosons respectively are,"(24,4)","(24,20)","(64,20)","(64,16)","(64,20)",Medium,2020,ScientistEngineer SC Physics
156,Physics,Solid State,Energy dispersion relation E(k)=E₀−W cos(ka). Effective mass near bottom of band is,h²/Wa²,h²/(2Wa²),h²/(4Wa²),h²/(Wa²/2),h²/(2Wa²),Hard,2020,ScientistEngineer SC Physics
157,Physics,Heat Transfer,Two spheres A and B have same emissivity. Radius of A is 4 times B and temperature is twice. Ratio of heat radiated is,128,256,324,110,256,Medium,2020,ScientistEngineer SC Physics
158,Physics,Electrostatics,Identical charges are placed at five vertices of a regular hexagon. Electric field and potential at centre are,"0,0","Non-zero,zero","Zero,non-zero","Non-zero,non-zero","0,0",Easy,2020,ScientistEngineer SC Physics
159,Physics,Thermodynamics,A reversible Carnot engine operates between temperatures T₁ and T₂ using photon gas. Efficiency is,1−T₂/T₁,1−(T₂/T₁)^(1/3),1−(T₂/T₁)^(1/4),1−(T₂/T₁)^(1/2),1−(T₂/T₁)^(1/3),Medium,2020,ScientistEngineer SC Physics
160,Physics,Nuclear Physics,"In the nuclear reaction ¹³C + ν → ¹³N + X, the particle X is",Electron,Positron,Muon,Pion,Positron,Medium,2020,ScientistEngineer SC Physics
161,Physics,Quantum Mechanics,"A particle in 1D potential well of width 3 nm. Using uncertainty principle, minimum depth required for one bound state is",1 μeV,1 meV,1 eV,1 MeV,1 eV,Medium,2020,ScientistEngineer SC Physics
162,Physics,Electromagnetism,A square loop carrying current is reshaped into a circle with same current. Ratio of magnetic dipole moments is,36,9,4,1,1,Medium,2020,ScientistEngineer SC Physics
163,Physics,Quantum Mechanics,Born approximation is valid for,High energy & weak potential,High energy & strong potential,Low energy & weak potential,Low energy & strong potential,High energy & weak potential,Medium,2020,ScientistEngineer SC Physics
164,Physics,Quantum Mechanics,"For two electrons in helium atom ground state, value of (S₁·S₂) is",−ħ²/4,−ħ²/2,0,ħ²/4,−3ħ²/4,Medium,2020,ScientistEngineer SC Physics
165,Physics,Quantum Mechanics,Hilbert space dimension for three spin-1/2 particles is,8,16,4,32,8,Easy,2020,ScientistEngineer SC Physics
166,Physics,Particle Physics,Decay μ → e + γ is forbidden due to violation of,Momentum conservation,Baryon number,Angular momentum,Lepton number,Lepton number,Medium,2020,ScientistEngineer SC Physics
167,Physics,Quantum Mechanics,"Operator A = aσ + B, eigenvalues are",±AB/√2,±AB,"0,AB","0,−AB",±AB/√2,Medium,2020,ScientistEngineer SC Physics
168,Physics,Condensed Matter,"In Bose-Einstein condensate, particles",Have strong attraction,Condense in real space,Have overlapping wavefunctions,Have large chemical potential,Have overlapping wavefunctions,Easy,2020,ScientistEngineer SC Physics
169,Physics,Solid State,Phonon dispersion relation gives ratio of phase velocity to group velocity at long wavelength as,2,1,4,1/2,1,Medium,2020,ScientistEngineer SC Physics
170,Physics,Atomic Physics,Number of permitted transitions from ²P₃/₂ to ²S₁/₂ in weak magnetic field is,6,9,3,8,6,Medium,2020,ScientistEngineer SC Physics
171,Physics,Electromagnetism,"A long solenoid is embedded in a conducting medium and insulated from it. If the current through the solenoid is increased at a constant rate, the induced current density in the medium varies with radial distance r from the axis as",∝ r² inside and 1/r outside,∝ r inside and 1/r outside,∝ r² inside and 1/r² outside,∝ r inside and 1/r² outside,Proportional to r inside and 1/r outside,Medium,2020,ScientistEngineer SC Physics
172,Physics,Spectroscopy,"Match ESR, NMR, vibrational and electronic transitions with frequency ranges (radio, microwave, infrared, visible).","P-i,Q-ii,R-iii,S-iv","P-ii,Q-i,R-iv,S-iii","P-iii,Q-iv,R-i,S-ii","P-iii,Q-i,R-iv,S-ii","P-iii,Q-iv,R-i,S-ii",Medium,2020,ScientistEngineer SC Physics
173,Physics,Optics,A plane wave (x̂ − iŷ)E₀ exp[i(kz − ωt)] passes through an optical element and becomes (x̂ − iŷ)E₀ exp[i(kz − ωt)]. The optical element is,Quarter wave plate,Half wave plate,Polarizer,Faraday rotator,Quarter wave plate,Medium,2020,ScientistEngineer SC Physics
174,Physics,Relativity,A particle of rest mass M decays into two equal mass particles moving along z-axis. Their velocities are,Both +0.8c,±0.8c,±0.6c,Mixed values,Equal and opposite velocities ±0.6c,Medium,2020,ScientistEngineer SC Physics
175,Electronics,Signal Processing,"For proper sampling of a signal, the sampling frequency should be",Equal to bandwidth,Equal to highest frequency,Greater than or equal to twice highest frequency,Less than twice highest frequency,Greater than or equal to twice the highest frequency component,Easy,2020,ScientistEngineer SC Physics
176,Mathematics,Probability,"The probability density function of a random variable X is given by f(x) = k e^{-|x|}, −∞ < x < ∞. The value of k and the mean of X are:","1, 1","1, 0","1/2, 1","1/2, 0","1/2, 0",Medium,2020,ScientistEngineer SC Computer
177,Mathematics,Linear Algebra,"Given the matrix A, Tr(A) = 0. The value of Tr(A³) + Tr(A²) is:",8,16,32,0,16,Medium,2020,ScientistEngineer SC Computer
178,Mathematics,Linear Algebra,"What is the largest possible value for the rank of A and the smallest possible value for the nullity of A, if A is a 5 × 3 matrix?","5, 3","3, 0","5, 0","5, 2","3, 0",Easy,2020,ScientistEngineer SC Computer
179,Operating Systems,Memory Management,Consider a FIFO page replacement policy based memory unit. Which of the following statements are TRUE?,Increasing the number of page frames always results in fewer page faults,Increasing the number of page frames always results in higher page faults,Decreasing the number of page frames always results in increased page faults,Increasing the number of page frames may result in increase or decrease in number of page faults,Increasing the number of page frames may result in increase or decrease in number of page faults,Medium,2020,ScientistEngineer SC Computer
180,Operating Systems,Virtual Memory,"Consider a system where each process has a virtual address space of 2^n bytes. The physical address space of the system is 2^p bytes, and the page size is 2^k bytes. What is the number of logical pages of a process and number of physical frames in the system?","2^(n−k), 2^(p−k)","2^(n+k), 2^(p+k)","2^(n−p), 2^k","2^k, 2^(n−p)","2^(n−k), 2^(p−k)",Medium,2020,ScientistEngineer SC Computer
181,Operating Systems,Memory Allocation,Consider the following line of code in a function of a process: int *y = (int *)malloc(50 * sizeof(int)); Where is the memory of the variable y allocated within the memory image of the process when this function is invoked and executed?,Heap,Stack,PCB (Process Control Block),None of these,Heap,Easy,2020,ScientistEngineer SC Computer
182,Operating Systems,Synchronization,Which of the following conditions best describes for bounded waiting in process synchronization?,"When a thread is executing in its critical section, no other threads can be executing in their critical sections","If no thread is executing in its critical section, and if there are some threads that wish to enter their critical sections, then one of these threads will get into the critical section",Several processes access and manipulate the same data concurrently,"After a thread makes a request to enter its critical section, there is a limit on the number of times that other threads are allowed to enter their critical sections before the request is granted","After a thread makes a request to enter its critical section, there is a limit on waiting",Medium,2020,ScientistEngineer SC Computer
183,Theory of Computation,Decidability,"Which of the following statements is/are TRUE? I. Given a CFG G = (N, Σ, P, S) and a string x ∈ Σ*, x ∈ L(G) is decidable II. Given CFGs G1 and G2, is L(G1) = L(G2) undecidable III. Given CFGs G1 and G2, is L(G1) = L(G2) decidable IV. Given CFG G and string x, x ∈ L(G) is undecidable",I and II,II and IV,I and III,III and IV,I and II,Hard,2020,ScientistEngineer SC Computer
184,Compiler Design,Parsing,Consider the grammar defined by production rules with two operators * and +. Which of the following correctly describes associativity?,+ is left associative and * is right associative,+ is right associative and * is left associative,Both + and * are right associative,Both + and * are left associative,Both + and * are left associative,Medium,2020,ScientistEngineer SC Computer
185,Automata,Finite Automata,"For any given transition in a finite automaton with Q states, the number of possible states for DFA and NFA respectively are:","Q, 2^Q","1, Q","2, Q","2^Q, 2^Q","Q, 2^Q",Easy,2020,ScientistEngineer SC Computer
186,Compiler Design,SDTS,"Consider the Syntax Directed Translation Scheme (SDTS): S → Aa {print1}, S → a {print2}, A → Sb {print3}. The output printed by a bottom-up parser for input aba is:",2 3 1,1 3,2 1,1 2,2 1,Medium,2020,ScientistEngineer SC Computer
187,Compiler Design,Parsing,"Among simple LR (SLR), canonical LR and look-ahead LR (LALR), which pair identifies the method that is very easy to implement and the method that is most powerful?","Canonical LR, LALR","SLR, LALR","LALR, Canonical LR","SLR, Canonical LR","SLR, Canonical LR",Medium,2020,ScientistEngineer SC Computer
188,Digital Logic,Bitwise Operations,What happens when a bit-string is XORed with itself n-times?,Complements when n is even,Remains unchanged when n is even,Divides by 2^n always,None of the above,Remains unchanged when n is even,Easy,2020,ScientistEngineer SC Computer
189,Digital Logic,Boolean Algebra,"Consider the minterm list form of a Boolean function F(P,Q,R,S) = Σm(0,2,8,9,11,10,12,13,15,14). What is the equivalent Boolean expression in sum-of-products form?",C+ABD+BD,C+BD,C+BCD,None of the above,C+BD,Medium,2020,ScientistEngineer SC Computer
190,Digital Logic,Operators,Consider the Boolean operator # with given properties. Then x # y is equivalent to:,xy + x'y',xy + y,xy + xy,xy + x'y,xy + x'y,Medium,2020,ScientistEngineer SC Computer
191,Computer Organization,Micro-operations,"Consider the following sequence of micro-operations (MBR = Memory Buffer Register, PC = Program Counter, MAR = Memory Address Register): MBR ← PC; MAR ← X; PC ← Y; Memory ← MBR. Which one of the following is a possible operation performed by this sequence?",Instruction fetch,Operand fetch,Initiation of interrupt service,Conditional branch,Instruction fetch,Medium,2020,ScientistEngineer SC Computer
192,Computer Organization,Pipelining,"Instruction execution in a processor is divided into 5 stages: Instruction Fetch (IF), Instruction Decode (ID), Operand Fetch (OF), Execute (EX), and Write Back (WB). These stages take 5, 4, 20, 10 and 3 nanoseconds respectively. A pipelined implementation requires buffering between each pair of consecutive stages with a delay of 2 ns. The execution time for 20 instructions on this pipeline is:",528 ns,288 ns,286 ns,290 ns,288 ns,Medium,2020,ScientistEngineer SC Computer
193,Computer Organization,Memory,"A processor can support a maximum memory of 8 GB, where the memory is word-addressable (a word consists of two bytes). The size of the address bus of the processor is at least:",31,16,32,None of the above,32,Medium,2020,ScientistEngineer SC Computer
194,Computer Organization,Addressing Modes,Which of the following addressing modes is best suited to access elements of an array of contiguous memory locations?,Indexed addressing mode,Relative addressing mode,Base register addressing mode,Displacement mode,Indexed addressing mode,Easy,2020,ScientistEngineer SC Computer
195,DBMS,Normalization,"Consider the schema R(S, T, U, V) and the dependencies S→T, T→U, U→V, V→S. Let R be decomposed into R1 and R2 such that R1 ∩ R2 = ∅. Then the decomposition is:",Not in 2NF,In 2NF but not in 3NF,In 3NF but not in 2NF,In both 2NF and 3NF,In 2NF but not in 3NF,Medium,2020,ScientistEngineer SC Computer
196,DBMS,File Systems,"A FAT (File Allocation Table) based file system is used and the total overhead of each entry in the FAT is 4 bytes. Given a 100 × 10^6 bytes disk and data block size is 10^3 bytes, the maximum size of a file that can be stored on this disk (in units of 10^6 bytes) is:",99.35–99.45,99.55–99.65,100.5–101.4,97.2–98.5,99.55–99.65,Medium,2020,ScientistEngineer SC Computer
197,DBMS,Transactions,Which of the following are drawbacks of the Two-Phase Locking (2-PL) mechanism? I. Deadlock II. Serializability III. Starvation IV. Cascading Rollback,II only,"I, II, III",I and IV,II and IV,I and IV,Medium,2020,ScientistEngineer SC Computer
198,DBMS,Referential Integrity,"The given table has two attributes A and C where A is the primary key and C is the foreign key referencing A with ON DELETE CASCADE. The set of tuples that must be additionally deleted to preserve referential integrity when tuple (4,3) is deleted is:","(3,4), (4,3), (6,4)","(5,2), (7,2), (9,5)","(2,4), (3,2), (7,2), (9,5), (3,4), (6,4)","(2,4), (3,4), (6,4)","(2,4), (3,4), (6,4)",Hard,2020,ScientistEngineer SC Computer
199,DBMS,Keys,"Consider the relation scheme R = {E, F, G, H, I, J, K, L, M, N} and functional dependencies {EF→G, F→IJ, EK→HLM, L→N}. What is the key for R?","{E, F}","{E, K}","{E, F, L}","{E, F, K}","{E, F, K}",Medium,2020,ScientistEngineer SC Computer
200,DBMS,Normalization,Which of the following statements are true? I. No relation can be in both BCNF and 3NF II. Every relation in BCNF is also in 3NF III. A relation is in 3NF if every non-prime attribute is fully functionally dependent on every key IV. Every relation in 3NF is also in BCNF,I and III,II,IV,I,II,Medium,2020,ScientistEngineer SC Computer
201,Computer Networks,Error Detection,The Hamming distance between the octets of 0x0A and 0x05 is:,7,5,3,4,3,Easy,2020,ScientistEngineer SC Computer
202,Computer Networks,IP Addressing,"In a class B network, the subnet mask is 255.255.240.0. What is the maximum number of hosts per subnet?",4096,2046,2048,4094,4094,Medium,2020,ScientistEngineer SC Computer
203,Computer Networks,ALOHA,A Pure ALOHA network transmits 200-bit frames on a shared channel of 200 kbps. What is the throughput if the system produces 1000 frames per second?,250 frames,150 frames,80 frames,135 frames,80 frames,Medium,2020,ScientistEngineer SC Computer
204,Computer Networks,Routing,Count-to-infinity is a problem associated with:,Link state routing protocol,TCP congestion control,Distance vector routing protocol,DNS,Distance vector routing protocol,Easy,2020,ScientistEngineer SC Computer
205,Computer Networks,ARP,ARP request and reply packets are:,Broadcast and Unicast respectively,Broadcast and Broadcast respectively,Unicast and Multicast respectively,Multicast and Broadcast respectively,Broadcast and Unicast respectively,Easy,2020,ScientistEngineer SC Computer
206,Programming,C Language,"Consider the following C program. What is the output? (global variable x, pointer manipulation and function calls)",4887,4886,1248,1246,1246,Medium,2020,ScientistEngineer SC Computer
207,Programming,C Language,Consider the following C program with function pointer initialization: void *ptr() = first;. Which of the following is TRUE?,Program runs successfully,Compile error due to assignment,Compile error due to illegal operation,Both b and c,Both b and c,Medium,2020,ScientistEngineer SC Computer
208,Programming,C Language,What does the following declaration mean? int (*f)(int *);,Function returning int pointer,Pointer to function returning int,Function returning int,Function pointer returning pointer,Pointer to function taking int* and returning int,Easy,2020,ScientistEngineer SC Computer
209,Algorithms,Asymptotic Analysis,"Given two functions f(n) and g(n), which of the following is true for h(n)=f(n)+g(n)?","Θ(max(f,g))","Ω(max(f,g))","O(max(f,g))",All of the above,All of the above,Medium,2020,ScientistEngineer SC Computer
210,Algorithms,Matrix Multiplication,"Let A1, A2, A3, A4 be matrices of dimensions 10×5, 5×20, 20×10, and 10×5 respectively. The minimum number of scalar multiplications required to compute A1×A2×A3×A4 is:",1500,2050,1550,1750,1500,Medium,2020,ScientistEngineer SC Computer
211,Algorithms,Asymptotic Analysis,Which one of the following inequalities holds asymptotically true?,log n < n log n < n,f(n) < n log n < n,log n < f(n) < n log n,log n < n! < n,log n < n log n < n,Medium,2020,ScientistEngineer SC Computer
212,Data Structures,Hashing,"A hash function h(key) = key mod 7 with linear probing is used to insert keys 44, 45, 79, 55, 91, 18, 63 into a table indexed from 0 to 6. What will be the location of key 91?",0,5,1,4,5,Medium,2020,ScientistEngineer SC Computer
213,Data Structures,Trees,Consider a complete binary tree with 7 nodes. Let A denote the set of first 3 elements obtained by BFS starting from the root. Let B denote the set of first 3 elements obtained by DFS starting from the root. The value of |A − B| is:,2,1,3,0,1,Medium,2020,ScientistEngineer SC Computer
214,Compiler Design,Symbol Table,Which of the following data structures can be used for efficiently storing the symbol table in a compiler implementation?,B+ tree,Binary Search Tree,Hash Table,Heap,Hash Table,Easy,2020,ScientistEngineer SC Computer
215,Software Engineering,COCOMO,"A company develops DSP software of 40000 LOC. Using basic COCOMO model with multiplicative factor 2.8 and exponent 1.20, the estimated effort (person-months) is:",234.25,932.50,287.80,122.40,287.80,Medium,2020,ScientistEngineer SC Computer
216,Discrete Mathematics,Functions,How many onto (surjective) functions are there from an n-element set (n ≥ 2) to a 2-element set?,2^n,2^n − 1,2^n − 2,2(2^(n−1) − 1),2(2^(n−1) − 1),Medium,2020,ScientistEngineer SC Computer
217,Machine Learning,PCA,Read the following statements about principal component analysis (PCA): A: Principal components are eigenvectors of centered data matrix. B: Principal components are right singular vectors of centered data matrix. C: Principal components are eigenvectors of covariance matrix. D: Principal components are right singular vectors of covariance matrix. Which are true?,Only A,All except A,Only B and C,Only C and D,Only B and C,Medium,2020,ScientistEngineer SC Computer
218,Machine Learning,Decision Trees,A decision tree grown to full depth is more likely to: I. Fit noise in data II. Suffer from overfitting III. Generalize well on unseen data,Only I,Both I and II,Only II,Both I and III,Both I and II,Easy,2020,ScientistEngineer SC Computer
219,Machine Learning,Regression,"Consider minimizer w* of L2-regularized least squares objective J(w)=||Xw−y||² + λ||w||², λ>0. Which of the following is true?",w* exists iff XᵀX non-singular,Xw*=y,The minimizer w* is unique,w* = X⁻y,The minimizer w* is unique,Medium,2020,ScientistEngineer SC Computer
220,Machine Learning,Classification,A multiclass classification problem with K classes can be solved using one-vs-all or softmax regression. When is softmax preferred?,Classes mutually exclusive,Classes not linearly separable,Classes not mutually exclusive,Both equal,Classes mutually exclusive,Medium,2020,ScientistEngineer SC Computer
221,Machine Learning,Neural Networks,Sigmoidal activation function suffers from which practical problem?,Does not work with entropy loss,Can have negative values,Vanishing gradient problem,Convexity issue,Vanishing gradient problem,Easy,2020,ScientistEngineer SC Computer
222,Machine Learning,CNN,Consider one layer in CNN. Which layer type has the fewest parameters to be learned?,Convolutional layer with 10 filters (3×3),Fully connected layer,Convolutional layer with 8 filters (5×5),Max pooling layer,Max pooling layer,Medium,2020,ScientistEngineer SC Computer
223,Machine Learning,Regularization,Which of the following statements on regularization are true? I. Batch normalization has implicit regularization II. L2 gives Laplacian prior III. L2 gives Gaussian prior IV. Regularization factor may cause underfitting,I and IV,"I, III and IV",I and III,IV only,"I, III and IV",Medium,2020,ScientistEngineer SC Computer
224,Machine Learning,Logistic Regression,"The logit function L(x) = log(x/(1−x)). What is the range of L(x) for x ∈ (0,1)?","(0, ∞)","(0, 1)","(−∞, ∞)","(−∞, 0)","(−∞, ∞)",Easy,2020,ScientistEngineer SC Computer
225,Machine Learning,SVM,"In a Support Vector Machine with margin fixed to 1, the distance of support vectors from separating hyperplane is:",||W||,||W + b||,1/||W||,||W||²,1/||W||,Medium,2020,ScientistEngineer SC Computer
226,Machine Learning,Ensemble,The technique that combines the predictions from multiple machine learning algorithms together to make more accurate predictions than any individual model is called:,Reinforcement learning,Transfer learning,Ensemble learning,Inductive learning,Ensemble learning,Easy,2020,ScientistEngineer SC Computer
227,Machine Learning,Neural Networks,"Consider a single unit in a neural network that receives two binary inputs x1, x2 ∈ {0,1} and computes a linear combination followed by a threshold activation function. Given bias b = −5, the weights that allow computation of NAND function are:","w1 = 0, w2 = 0","w1 = 1, w2 = 1","w1 = −1, w2 = 1","w1 = −3, w2 = −3","w1 = −3, w2 = −3",Medium,2020,ScientistEngineer SC Computer
228,Machine Learning,Neural Networks,What is the main purpose of Dropout in a neural network architecture?,Reduce output dimensions,Prevent vanishing gradient,Prevent overfitting on training data,Increase learning rate,Prevent overfitting on training data,Easy,2020,ScientistEngineer SC Computer
229,Machine Learning,CNN,Which of the following statements about using convolutional layers instead of fully connected ones for visual tasks are TRUE? A. Reduce number of hidden layers B. Enable spatial context modelling C. Translation invariant D. Parameters increase E. Enable parameter sharing,All,"B, C, E","B, D, E","A, B, D, E","B, C, E",Medium,2020,ScientistEngineer SC Computer
230,Discrete Mathematics,Logic,"Let p ∈ {8,9,10,11,12}, q = not a composite number, r = a square number, s = a prime number. Evaluate ~((p − ~q) ∧ (~r ∨ ~s)).","{9,11}","{8,9,10,11,12}",{9},{11},{11},Medium,2020,ScientistEngineer SC Computer
231,Artificial Intelligence,Search,Which search uses problem-specific knowledge beyond the definition of the problem?,Informed search,Iterative deepening search,Both,Breadth-first search,Informed search,Easy,2020,ScientistEngineer SC Computer
232,Machine Learning,Backpropagation,Which of the following statements are true for benefits of using backpropagation algorithm to compute gradients?,Only I,II and III,I and IV,Only II,I and IV,Medium,2020,ScientistEngineer SC Computer
233,Machine Learning,KNN,"In terms of bias-variance decomposition, a 1-nearest neighbour classifier has ______ than a 3-nearest neighbour classifier.",Higher variance,Higher bias,Lower variance,Lower bias,Higher variance and lower bias,Medium,2020,ScientistEngineer SC Computer
234,Machine Learning,Bayesian Learning,"If the posterior distribution has the same distribution family as the prior, the term describing this condition is called:",Subjugate prior,Conjugate posterior,Conjugate prior,Alternate prior,Conjugate prior,Easy,2020,ScientistEngineer SC Computer
235,Machine Learning,Kernel Methods,"For feature map Φ(.) and kernel function k(Xi,Xj)=⟨Φ(Xi),Φ(Xj)⟩, which statements are true? I. Kernel trick avoids explicit computation of Φ(Xi) II. Running time does not depend on dimension of feature space",I only,II only,Both I and II,None,Both I and II,Medium,2020,ScientistEngineer SC Computer
236,Cryptography,RSA,"In RSA public key cryptosystem, which of the clauses are required for RSA to work?",I only,II only,IV only,I and III,I and III,Medium,2020,ScientistEngineer SC Computer
237,Mathematics,Number Theory,The remainder when 3^100000 is divided by 53 is:,1,2,5,28,1,Medium,2020,ScientistEngineer SC Computer
238,Cryptography,Digital Signature,Which of the following is NOT the aim of the Digital Signature scheme?,Authenticity,Non-repudiation,Confidentiality,Integrity,Confidentiality,Easy,2020,ScientistEngineer SC Computer
239,Security,Sandboxing,"In security, sandboxing is a mechanism used for:",Confidentiality,Authentication,Isolation,Non-repudiation,Isolation,Easy,2020,ScientistEngineer SC Computer
240,Computer Networks,Security,IPSec is designed to provide security at which layer of the protocol stack?,Application layer,Network layer,Data link layer,Physical layer,Network layer,Easy,2020,ScientistEngineer SC Computer
241,CSE,Software Engineering – SDLC Models,Which of the following is a Software Development Life Cycle Model,Data Warehouse,Data Model,Waterfall Model,Data Mart,Waterfall Model,Easy,2018,VSSC Technical Assistant (Computer Science)
242,CSE,Operating Systems,Which of the following is NOT a criterion for page replacement from main memory,First In First Out,Least Recently Used,Last In First Out,None of these,None of these,Medium,2018,VSSC Technical Assistant (Computer Science)
243,CSE,Computer Fundamentals – Character Encoding (ASCII),The ASCII code for character 'A' (Capital letter A) is,65,55,88,64,65,Easy,2018,VSSC Technical Assistant (Computer Science)
244,CSE,Operating Systems – I/O Management,Which of the following modes of I/O operation keeps the processor most busy,Programmed I/O,Interrupt Initiated I/O,DMA,None of these,Programmed I/O,Medium,2018,VSSC Technical Assistant (Computer Science)
245,CSE,Computer Organization & Architecture – Cache Memory Performance,The performance of cache memory is measured in terms of,Seek time,Access time,Hit ratio,Latency,Hit ratio,Medium,2018,VSSC Technical Assistant (Computer Science)
246,CSE,Programming – PHP Variables,Which prefix is used to denote a variable in PHP,$,@,~,#,$,Easy,2018,VSSC Technical Assistant (Computer Science)
247,CSE,Computer Organization & Architecture – Number Systems / BCD,,0000 1111,0001 0101,0011 0011,0000 1101,0001 0101,Easy,2018,VSSC Technical Assistant (Computer Science)
248,CSE,Computer Organization & Architecture – CISC Architecture,Which of the following is true about CISC architecture I. Large code size II. Reduced instruction set,Both I and II,Neither I Nor II,only I,only II,only I,Medium,2018,VSSC Technical Assistant (Computer Science)
249,CSE,OOP (Object-Oriented Programming) – Classes and Inheritance,A class which cannot be inherited is called,static class,template class,abstract class,final class,final class,Easy,2018,VSSC Technical Assistant (Computer Science)
250,CSE,Web Technology – CSS Basics,Which of the following is NOT true about Cascading Style Sheets (CSS)?,CSS can control the layout of multiple web pages,CSS supplements style formatting in HTML page,Style definitions can be saved in an external CSS file,Only one CSS can be used in a HTML file,Only one CSS can be used in a HTML file,Medium,2018,VSSC Technical Assistant (Computer Science)
251,CSE,Computer Networks – Internet Protocols / HTTP,Which is the default port number for H??? ?,25,22,80,53,80,Easy,2018,VSSC Technical Assistant (Computer Science)
252,CSE,Web Technology – AJAX,Which of the following is WRONG ?,AJAX stands for Asynchronous Javascript and HTML,AJAX is a client side script used to get data from server without refreshing the current page,AJAX is a scripting language,AJAX makes applications faster and more user friendly,AJAX is a scripting language,Medium,2018,VSSC Technical Assistant (Computer Science)
253,CSE,Web Technology – Number Systems / Codes,Which of the following are un-weighted code?,BCD,Hexadecimal,EBCDIC,Gray Code,Gray Code,Medium,2018,VSSC Technical Assistant (Computer Science)
254,CSE,Software Engineering – V-Model / Testing,"In the V model of software development, Integration Test Plan is prepared during which phase of software development",Coding,Design,Requirements,Software maintenance,Design,Medium,2018,VSSC Technical Assistant (Computer Science)
255,CSE,Computer Organization – Sequential Circuits / Flip-Flops,"In a positive edge triggered JK flip-flop, when J=0, K=1 and Q=0, what happens to Q when the clock input goes HIGH and what happens when the clock input goes LOW",Q becomes 0 when clock HIGH; Q becomes 0 when clock LOW,Q is RESET to 1 when clock LOW; Q unchanged when clock HIGH,Q is RESET to 1 when clock HIGH; Q unchanged when clock LOW,None of the above,Q is RESET to 1 when clock HIGH; Q unchanged when clock LOW,Hard,2018,VSSC Technical Assistant (Computer Science)
256,CSE,Computer Organization & Architecture – Digital Logic / Boolean Algebra,From the truth table given below write the Sum of Products (SOP) expression Input Output X Y Z P 0 0 0 0 0 0 1 1 0 1 0 0 0 1 1 1 1 0 0 0 1 0 1 0 1 1 0 1 1 1 1 0,P =XYZ + XYZ +XYZ,P= (X+Y+Z)(X+Y+Z)(X+Y+Z),not(XY)Z+not(X)YZ+Xynot(Z),None of the above,P =XYZ + XYZ +XYZ,Hard,2018,VSSC Technical Assistant (Computer Science)
257,CSE,Computer Networks/ Web Technology – HTTP Status Codes,The HTTP status code for requested resource not found is,400,405,404,500,404,Easy,2018,VSSC Technical Assistant (Computer Science)
258,CSE,Computer Organization & Architecture – Digital Logic / Logic Gates,Which of the following is an universal gate?,NAND,OR,AND,GATE,NAND,Easy,2018,VSSC Technical Assistant (Computer Science)
259,CSE,Cyber Security – Aadhaar Authentication Methods,Which of the following is NOT used for AADHAR based authentication?,Iris,OTP,Fingerprint,Hand written signature of the person,Hand written signature of the person,Medium,2018,VSSC Technical Assistant (Computer Science)
260,CSE,Cyber Security – Aadhaar Authentication,Which of the following is NOT used for AADHAR based authentication?,Iris,OTP,Fingerprint,Hand written signature of the person,Hand written signature of the person,Medium,2018,VSSC Technical Assistant (Computer Science)
261,CSE,Computer Organization – Memory Management / Paging,The Physical Address Space is conceptually divided into a number of fixed-size blocks called,Frames,Segments,Pages,None of the above,Frames,Medium,2018,VSSC Technical Assistant (Computer Science)
262,CSE,Computer Organization & Architecture – Number Systems / Conversion,Convert the hexadecimal number 7C59 to binary number,`0111110001011001`,` 1001110010001001`,`1010111100011100`,`1100100101010101`,0111110001011001`,Medium,2018,VSSC Technical Assistant (Computer Science)
263,CSE,Computer Organization – Number Systems / Conversion,Convert the hexadecimal number 7C59 to binary number,0111110001011001,1001110010001001,1010111100011100,1100100101010101,0111110001011001,Medium,2018,VSSC Technical Assistant (Computer Science)
264,CSE,Web Technology – HTML Basics,The language used to design web pages for a website,HTML,C++,FORTRAN,ADA,HTML,Easy,2018,VSSC Technical Assistant (Computer Science)
265,CSE,Web Technology – HTML Basics,The language used to design web pages for a website,HTML,C++,FORTRAN,ADA,HTML,Easy,2018,VSSC Technical Assistant (Computer Science)
266,CSE,OOP – Abstract Methods,Which of the following is an abstract method?,void abstract abc(){},public static final void(){},public abstract void abc();,None of above,public abstract void abc();,Medium,2018,VSSC Technical Assistant (Computer Science)
267,CSE,Software Engineering – Software Design Metrics,The number of modules that call a given module is called,Fan-in,Fan-out,Cardinality,None of these,Fan-in,Medium,2018,VSSC Technical Assistant (Computer Science)
268,CSE,Software Engineering – Software Design Metrics,The number of modules that call a given module is called,Fan-in,Fan-out,Cardinality,None of these,Fan-in,Medium,2018,VSSC Technical Assistant (Computer Science)
269,CSE,Operating System – Android OS Versions,Which of the following is the latest version of Android Operating System?,Lollipop,Oreo,Marshmellow,KitKat,Oreo,Easy,2018,VSSC Technical Assistant (Computer Science)
270,CSE,Computer Organization & Architecture – Cache Memory / Write Policies,When a memory write operation updates both main memory and cache memory it is called,Write- through,Write- back,Write- once,None of these,Write- through,Medium,2018,VSSC Technical Assistant (Computer Science)
271,CSE,Computer Organization – Cache Memory / Write Policies,When a memory write operation updates both main memory and cache memory it is called,Write-through,Write-back,Write-once,None of these,Write-through,Medium,2018,VSSC Technical Assistant (Computer Science)
272,CSE,Web Technology – HTML Tables,Consider the following HTML code<table> <tr><td>Name</td></tr> <tr><td>Class</td></tr></table> What will it print,A table with ONE row and TWO columns,A table with TWO rows and FOUR columns,A table with TWO rows and ONE column in each row,A table with ONE row and ONE column,A table with TWO rows and ONE column in each row,Easy,2018,VSSC Technical Assistant (Computer Science)
273,CSE,Operating System – Open Source OS,Which of the following is an open source desktop operating system?,Windows Vista,MS-DOS,Windows XP,Ubuntu,Ubuntu,Easy,2018,VSSC Technical Assistant (Computer Science)
274,CSE,Software Engineering – Cohesion and Coupling,The degree of intra-dependability within the elements of a software module is called,Coupling,Concurrency,Cohesion,Modularisation,Cohesion,Medium,2018,VSSC Technical Assistant (Computer Science)
275,CSE,Software Engineering – Cohesion and Coupling,The degree of intra-dependability within the elements of a software module is called,Coupling,Concurrency,Cohesion,Modularisation,Cohesion,Medium,2018,VSSC Technical Assistant (Computer Science)
276,CSE,Web Technology – HTML vs XML Syntax,Closing tag is compulsory in all elements of,HTML,XML,Both of the above,None of the above,XML,Medium,2018,VSSC Technical Assistant (Computer Science)
277,CSE,Computer Organization & Architecture – CPU Organization / Registers,Small fastest data holding unit in CPU,Cache,Register,buffer,all of these,Register,Easy,2018,VSSC Technical Assistant (Computer Science)
278,CSE,Operating System – Linux / OS History,Who is known as 'Father of Linux'?,Linus Torvalds,Mark Zuckerberg,Dennis M Ritchie,Sundar Pitchai,Linus Torvalds,Easy,2018,VSSC Technical Assistant (Computer Science)
279,CSE,Data Structures & Algorithms (DSA) – Stack and Queue,Consider the following statements and select the correct option: I) Last In First Out (LIFO) type of computations are efficiently supported by QUEUE II) First In First Out type of computations are efficiently supported by STACK,Only I) is correct,Only II) is correct,Both I) and II) are correct,Both I) and II) are Wrong,Both I) and II) are Wrong,Medium,2018,VSSC Technical Assistant (Computer Science)
280,CSE,DSA – Stack and Queue,Consider: I) LIFO computations are efficiently supported by QUEUE  II) FIFO computations are efficiently supported by STACK,Only I) is correct,Only II) is correct,Both I) and II) are correct,Both I) and II) are wrong,Both I) and II) are wrong,Medium,2018,VSSC Technical Assistant (Computer Science)
281,CSE,Data Structures & Algorithms (DSA) – Expression Notation (Prefix/Infix/Postfix),The expression abc+- is written in which of the following form?,Infix,postfix,prefix,lastfix,postfix,Medium,2018,VSSC Technical Assistant (Computer Science)
282,CSE,Data Structures & Algorithms – Searching Algorithms,Time complexity of binary search algorithm for N elements is,O(N2),O(logN),O(N ),O(1),O(logN),Easy,2018,VSSC Technical Assistant (Computer Science)
283,CSE,Cyber Security – Malware Types,Which of the following is a ransomware?,Stuxnet,WannaCry,Rabbit,MyDoom,WannaCry,Medium,2018,VSSC Technical Assistant (Computer Science)
284,CSE,C Programming – Pointers & Strings,"What will be printed for the following C program #include int main() { char myChar[7]=""Hanger""; *ptr; ptr=myChar+4; *ptr='a'; printf(""%s"";myChar); return 0; }",Hangear,Hangr,Hangar,Hanger,Hangar,Medium,2018,VSSC Technical Assistant (Computer Science)
285,CSE,C Programming – Pointers & Strings,char myChar[7]='Hanger'; ptr=myChar+4; *ptr='a'; printf(myChar). What is printed?,Hangear,Hangr,Hangar,Hanger,Hangar,Medium,2018,VSSC Technical Assistant (Computer Science)
286,CSE,C Programming – Loops & Control Structures,"Consider the following C function; What will be the output when myFunction (5) is called? int myFunction(int x) { int sum=0: for (int i=1; i<=x; i++) |{ sum=sum+i; } printf(""%d""; sum) }",14,16,15,21,15,Easy,2018,VSSC Technical Assistant (Computer Science)
287,CSE,Data Structures & Algorithms (DSA) – Arrays & Linked Lists,Which of the following is data structure best suited for random access?,Array,Linked List,Stack,Queue,Array,Easy,2018,VSSC Technical Assistant (Computer Science)
288,CSE,Computer Fundamentals – Markup Languages,XML stands for,Extended Middle Language,Extended Medium Language,Extensible Markup Language,Extensible Model Language,Extensible Markup Language,Easy,2018,VSSC Technical Assistant (Computer Science)
289,CSE,Computer Fundamentals – Markup Languages,XML stands for,Extended Middle Language,Extended Medium Language,Extensible Markup Language,Extensible Model Language,Extensible Markup Language,Easy,2018,VSSC Technical Assistant (Computer Science)
290,CSE,Operating Systems – Process States & Scheduling,The maximum number of processes that can be in Ready state for a computer system with 16 CPUs is,16,256,The value is independent of number of CPUs,65536,The value is independent of number of CPUs,Medium,2018,VSSC Technical Assistant (Computer Science)
291,CSE,Computer Fundamentals – Number System / Base Conversion,Octal representation of decimal 16 is?,20,21,19,17,20,Easy,2018,VSSC Technical Assistant (Computer Science)
292,CSE,Data Structures & Algorithms (DSA) – Stack Applications,Which of the following data structure is the best suited to match parenthesis in evaluating an arithmetic expression?,Linked List,List,Queue,Stack,Stack,Easy,2018,VSSC Technical Assistant (Computer Science)
293,CSE,DSA – Stack Applications,Which data structure is best suited to match parenthesis in evaluating an arithmetic expression?,Linked List,List,Queue,Stack,Stack,Easy,2018,VSSC Technical Assistant (Computer Science)
294,CSE,Data Structures & Algorithms (DSA) – Sorting Algorithms,Time complexity of Bubble sort for N elements is,O(N^2),O(NlogN),O(N ),O(1),O(N^2),Easy,2018,VSSC Technical Assistant (Computer Science)
295,CSE,DBMS – Keys & Constraints,In DBMS: I) The value of an attribute can be NULL  II) Primary key helps to find out all other attributes. Choose CORRECT answer,Only I) is correct,Both I) and II) are correct,Both I) and II) are wrong,Only II) is correct,Both I) and II) are correct,Easy,2018,VSSC Technical Assistant (Computer Science)
296,CSE,Web Technology – Session Management,Information from web page stored in server side is called,Cookies,Session,Servlet,Credentials,Session,Easy,2018,VSSC Technical Assistant (Computer Science)
297,CSE,Web Technology – Session Management,Information from web page stored in server side is called,Cookies,Session,Servlet,Credentials,Session,Easy,2018,VSSC Technical Assistant (Computer Science)
298,CSE,Database Management System (DBMS) – Normalization,In database management system; what is the advantage of Normalization?,Helps in Data Hiding,Removes Data Redundancy,Encrypts Data,Reduces Number of Tables,Removes Data Redundancy,Easy,2018,VSSC Technical Assistant (Computer Science)
299,CSE,Object-Oriented Programming (OOP) – Access Modifiers (Private),In object oriented programming; private methods of a class,can be accessed only within the class,can be accessed by an object of the class that inherits it,can be overridden by the class that extends it,All of the above,can be accessed only within the class,Easy,2018,VSSC Technical Assistant (Computer Science)
300,CSE,Database Management System (DBMS) – Concurrency Control / Locking Mechanisms,Which of the locking provides the highest degree of concurrency in a relational database management system?,Page locking,Row locking,Table locking,Database locking,Row locking,Medium,2018,VSSC Technical Assistant (Computer Science)
301,CSE,Operating System (OS) – Deadlock,Which of the following is NOT a necessary condition for a deadlock,Hold & wait,No pre-emption,Starvation,Circular Wait,Starvation,Medium,2018,VSSC Technical Assistant (Computer Science)
302,CSE,Computer Networks – Application Layer Protocols,Which protocol is used in Email?,FTP,SMB,TELNET,SMTP,SMTP,Easy,2018,VSSC Technical Assistant (Computer Science)
303,CSE,Computer Networks – Network Security / Secure Protocols,Which of the following establishes a secure communication between the client and the server?,HTTP and FTP,Only HTTPS,Only SSH,HTTPS and SSH,HTTPS and SSH,Medium,2018,VSSC Technical Assistant (Computer Science)
304,CSE,Cryptography – Basic Terminology,In cryptography; the encrypted text is called,Plain Text,Known Text,Hidden Text,Cipher Text,Cipher Text,Easy,2018,VSSC Technical Assistant (Computer Science)
305,CSE,Object-Oriented Programming (OOP) – OOP Concepts / Programming Languages,Which of the following are object oriented programming languages I. JAVA II. C III. C++ IV. BASIC,Only I and III,Only II and III,Only III and IV,I; IIl and IV,Only I and III,Easy,2018,VSSC Technical Assistant (Computer Science)
306,CSE,Computer Networks – Network Layer / ARP,ARP(Address Resolution Protocol) is used for resolving,Network address to broadcast address,IP address to MAC address,Network frame to packet,subnet mask address to a machine IP address.,IP address to MAC address,Easy,2018,VSSC Technical Assistant (Computer Science)
307,CSE,Computer Networks – IP Addressing / Loopback Address,In Computer Network; which of the following represents local host?,127.0.0.1,255.255.255.254,10.41.7.102,127.255.255.255,127.0.0.1,Easy,2018,VSSC Technical Assistant (Computer Science)
308,CSE,Computer Networks – Email Protocols / MIME,What does MIME stand for,Multipart Internet Multi Extension,Multiple Internet Mail Extension,Mono Internet Multiple Extension,Multi-Purpose Internet Mail Extension,Multi-Purpose Internet Mail Extension,Easy,2018,VSSC Technical Assistant (Computer Science)

309,General,General,How to drive test question 309?,a,b,c,d,a,Hard,2024,Test
409,General,General,Drive drive drive 309?,a,b,c,d,a,Hard,2024,Test
509,General,General,What is a drive 309?,a,b,c,d,a,Hard,2024,Test
310,General,General,How to drive test question 310?,a,b,c,d,a,Hard,2024,Test
410,General,General,Drive drive drive 310?,a,b,c,d,a,Hard,2024,Test
510,General,General,What is a drive 310?,a,b,c,d,a,Hard,2024,Test
311,General,General,How to drive test question 311?,a,b,c,d,a,Hard,2024,Test
411,General,General,Drive drive drive 311?,a,b,c,d,a,Hard,2024,Test
511,General,General,What is a drive 311?,a,b,c,d,a,Hard,2024,Test
312,General,General,How to drive test question 312?,a,b,c,d,a,Hard,2024,Test
412,General,General,Drive drive drive 312?,a,b,c,d,a,Hard,2024,Test
512,General,General,What is a drive 312?,a,b,c,d,a,Hard,2024,Test
313,General,General,How to drive test question 313?,a,b,c,d,a,Hard,2024,Test
413,General,General,Drive drive drive 313?,a,b,c,d,a,Hard,2024,Test
513,General,General,What is a drive 313?,a,b,c,d,a,Hard,2024,Test
314,General,General,How to drive test question 314?,a,b,c,d,a,Hard,2024,Test
414,General,General,Drive drive drive 314?,a,b,c,d,a,Hard,2024,Test
514,General,General,What is a drive 314?,a,b,c,d,a,Hard,2024,Test
315,General,General,How to drive test question 315?,a,b,c,d,a,Hard,2024,Test
415,General,General,Drive drive drive 315?,a,b,c,d,a,Hard,2024,Test
515,General,General,What is a drive 315?,a,b,c,d,a,Hard,2024,Test
316,General,General,How to drive test question 316?,a,b,c,d,a,Hard,2024,Test
416,General,General,Drive drive drive 316?,a,b,c,d,a,Hard,2024,Test
516,General,General,What is a drive 316?,a,b,c,d,a,Hard,2024,Test
317,General,General,How to drive test question 317?,a,b,c,d,a,Hard,2024,Test
417,General,General,Drive drive drive 317?,a,b,c,d,a,Hard,2024,Test
517,General,General,What is a drive 317?,a,b,c,d,a,Hard,2024,Test
318,General,General,How to drive test question 318?,a,b,c,d,a,Hard,2024,Test
418,General,General,Drive drive drive 318?,a,b,c,d,a,Hard,2024,Test
518,General,General,What is a drive 318?,a,b,c,d,a,Hard,2024,Test
319,General,General,How to drive test question 319?,a,b,c,d,a,Hard,2024,Test
419,General,General,Drive drive drive 319?,a,b,c,d,a,Hard,2024,Test
519,General,General,What is a drive 319?,a,b,c,d,a,Hard,2024,Test
320,General,General,How to drive test question 320?,a,b,c,d,a,Hard,2024,Test
420,General,General,Drive drive drive 320?,a,b,c,d,a,Hard,2024,Test
520,General,General,What is a drive 320?,a,b,c,d,a,Hard,2024,Test
321,General,General,How to drive test question 321?,a,b,c,d,a,Hard,2024,Test
421,General,General,Drive drive drive 321?,a,b,c,d,a,Hard,2024,Test
521,General,General,What is a drive 321?,a,b,c,d,a,Hard,2024,Test
322,General,General,How to drive test question 322?,a,b,c,d,a,Hard,2024,Test
422,General,General,Drive drive drive 322?,a,b,c,d,a,Hard,2024,Test
522,General,General,What is a drive 322?,a,b,c,d,a,Hard,2024,Test
323,General,General,How to drive test question 323?,a,b,c,d,a,Hard,2024,Test
423,General,General,Drive drive drive 323?,a,b,c,d,a,Hard,2024,Test
523,General,General,What is a drive 323?,a,b,c,d,a,Hard,2024,Test
324,General,General,How to drive test question 324?,a,b,c,d,a,Hard,2024,Test
424,General,General,Drive drive drive 324?,a,b,c,d,a,Hard,2024,Test
524,General,General,What is a drive 324?,a,b,c,d,a,Hard,2024,Test
325,General,General,How to drive test question 325?,a,b,c,d,a,Hard,2024,Test
425,General,General,Drive drive drive 325?,a,b,c,d,a,Hard,2024,Test
525,General,General,What is a drive 325?,a,b,c,d,a,Hard,2024,Test
326,General,General,How to drive test question 326?,a,b,c,d,a,Hard,2024,Test
426,General,General,Drive drive drive 326?,a,b,c,d,a,Hard,2024,Test
526,General,General,What is a drive 326?,a,b,c,d,a,Hard,2024,Test
327,General,General,How to drive test question 327?,a,b,c,d,a,Hard,2024,Test
427,General,General,Drive drive drive 327?,a,b,c,d,a,Hard,2024,Test
527,General,General,What is a drive 327?,a,b,c,d,a,Hard,2024,Test
328,General,General,How to drive test question 328?,a,b,c,d,a,Hard,2024,Test
428,General,General,Drive drive drive 328?,a,b,c,d,a,Hard,2024,Test
528,General,General,What is a drive 328?,a,b,c,d,a,Hard,2024,Test
329,General,General,How to drive test question 329?,a,b,c,d,a,Hard,2024,Test
429,General,General,Drive drive drive 329?,a,b,c,d,a,Hard,2024,Test
529,General,General,What is a drive 329?,a,b,c,d,a,Hard,2024,Test
400,General,General,Derive the formula for test 400?,a,b,c,d,a,Hard,2024,Test
500,General,General,How to derive newtons law 400?,a,b,c,d,a,Hard,2024,Test
600,General,General,Derive the expression for the system 400?,a,b,c,d,a,Hard,2024,Test
401,General,General,Derive the formula for test 401?,a,b,c,d,a,Hard,2024,Test
501,General,General,How to derive newtons law 401?,a,b,c,d,a,Hard,2024,Test
601,General,General,Derive the expression for the system 401?,a,b,c,d,a,Hard,2024,Test
402,General,General,Derive the formula for test 402?,a,b,c,d,a,Hard,2024,Test
502,General,General,How to derive newtons law 402?,a,b,c,d,a,Hard,2024,Test
602,General,General,Derive the expression for the system 402?,a,b,c,d,a,Hard,2024,Test
403,General,General,Derive the formula for test 403?,a,b,c,d,a,Hard,2024,Test
503,General,General,How to derive newtons law 403?,a,b,c,d,a,Hard,2024,Test
603,General,General,Derive the expression for the system 403?,a,b,c,d,a,Hard,2024,Test
404,General,General,Derive the formula for test 404?,a,b,c,d,a,Hard,2024,Test
504,General,General,How to derive newtons law 404?,a,b,c,d,a,Hard,2024,Test
604,General,General,Derive the expression for the system 404?,a,b,c,d,a,Hard,2024,Test
405,General,General,Derive the formula for test 405?,a,b,c,d,a,Hard,2024,Test
505,General,General,How to derive newtons law 405?,a,b,c,d,a,Hard,2024,Test
605,General,General,Derive the expression for the system 405?,a,b,c,d,a,Hard,2024,Test
406,General,General,Derive the formula for test 406?,a,b,c,d,a,Hard,2024,Test
506,General,General,How to derive newtons law 406?,a,b,c,d,a,Hard,2024,Test
606,General,General,Derive the expression for the system 406?,a,b,c,d,a,Hard,2024,Test
407,General,General,Derive the formula for test 407?,a,b,c,d,a,Hard,2024,Test
507,General,General,How to derive newtons law 407?,a,b,c,d,a,Hard,2024,Test
607,General,General,Derive the expression for the system 407?,a,b,c,d,a,Hard,2024,Test
408,General,General,Derive the formula for test 408?,a,b,c,d,a,Hard,2024,Test
508,General,General,How to derive newtons law 408?,a,b,c,d,a,Hard,2024,Test
608,General,General,Derive the expression for the system 408?,a,b,c,d,a,Hard,2024,Test
409,General,General,Derive the formula for test 409?,a,b,c,d,a,Hard,2024,Test
509,General,General,How to derive newtons law 409?,a,b,c,d,a,Hard,2024,Test
609,General,General,Derive the expression for the system 409?,a,b,c,d,a,Hard,2024,Test
410,General,General,Derive the formula for test 410?,a,b,c,d,a,Hard,2024,Test
510,General,General,How to derive newtons law 410?,a,b,c,d,a,Hard,2024,Test
610,General,General,Derive the expression for the system 410?,a,b,c,d,a,Hard,2024,Test
411,General,General,Derive the formula for test 411?,a,b,c,d,a,Hard,2024,Test
511,General,General,How to derive newtons law 411?,a,b,c,d,a,Hard,2024,Test
611,General,General,Derive the expression for the system 411?,a,b,c,d,a,Hard,2024,Test
412,General,General,Derive the formula for test 412?,a,b,c,d,a,Hard,2024,Test
512,General,General,How to derive newtons law 412?,a,b,c,d,a,Hard,2024,Test
612,General,General,Derive the expression for the system 412?,a,b,c,d,a,Hard,2024,Test
413,General,General,Derive the formula for test 413?,a,b,c,d,a,Hard,2024,Test
513,General,General,How to derive newtons law 413?,a,b,c,d,a,Hard,2024,Test
613,General,General,Derive the expression for the system 413?,a,b,c,d,a,Hard,2024,Test
414,General,General,Derive the formula for test 414?,a,b,c,d,a,Hard,2024,Test
514,General,General,How to derive newtons law 414?,a,b,c,d,a,Hard,2024,Test
614,General,General,Derive the expression for the system 414?,a,b,c,d,a,Hard,2024,Test
415,General,General,Derive the formula for test 415?,a,b,c,d,a,Hard,2024,Test
515,General,General,How to derive newtons law 415?,a,b,c,d,a,Hard,2024,Test
615,General,General,Derive the expression for the system 415?,a,b,c,d,a,Hard,2024,Test
416,General,General,Derive the formula for test 416?,a,b,c,d,a,Hard,2024,Test
516,General,General,How to derive newtons law 416?,a,b,c,d,a,Hard,2024,Test
616,General,General,Derive the expression for the system 416?,a,b,c,d,a,Hard,2024,Test
417,General,General,Derive the formula for test 417?,a,b,c,d,a,Hard,2024,Test
517,General,General,How to derive newtons law 417?,a,b,c,d,a,Hard,2024,Test
617,General,General,Derive the expression for the system 417?,a,b,c,d,a,Hard,2024,Test
418,General,General,Derive the formula for test 418?,a,b,c,d,a,Hard,2024,Test
518,General,General,How to derive newtons law 418?,a,b,c,d,a,Hard,2024,Test
618,General,General,Derive the expression for the system 418?,a,b,c,d,a,Hard,2024,Test
419,General,General,Derive the formula for test 419?,a,b,c,d,a,Hard,2024,Test
519,General,General,How to derive newtons law 419?,a,b,c,d,a,Hard,2024,Test
619,General,General,Derive the expression for the system 419?,a,b,c,d,a,Hard,2024,Test
